key,id,name,kana,type,sort_level,grade,group_join,permit,del
nckimport,2000616,管理グループ,管理ぐるーぷ,1,500,0,2,0,0
nckimport,2000615,グループ会社,ぐるーぷ会社,1,20,0,2,0,0
nckimport,2000614,農林中央金庫,農林中央金庫,1,10,0,2,0,0
nckimport,2001209,Sm@rtDB管理者グループ,Sm@rtDB管理者ぐるーぷ,2,10,0,1,1,0
nckimport,2000629,農林中金バリューインベストメンツ,農林中金ばりゅーいんべすとめんつ,1,30,0,2,0,0
nckimport,2000628,農中信託銀行,農中信託銀行,1,20,0,2,0,0
nckimport,2000627,農中情報システム,農中情報しすてむ,1,10,0,2,0,0
nckimport,2000625,退職者,退職者,1,90,0,2,0,0
nckimport,2000624,休職者,休職者,1,80,0,2,0,0
nckimport,2000623,廃止組織,廃止組織,1,70,0,2,0,0
nckimport,2000622,プロジェクト,ぷろじぇくと,1,60,0,2,0,0
nckimport,2000621,委託先グループ会社,委託先ぐるーぷ会社,1,50,0,2,0,0
nckimport,2000620,海外支店,海外支店,1,40,0,2,0,0
nckimport,2000619,国内支店,国内支店,1,30,0,2,0,0
nckimport,2000618,本店,本店,1,20,0,2,0,0
nckimport,2000617,役員,役員,1,10,0,2,0,0
nckimport,574,NCA,NCA,1,483,,2,0,0
nckimport,561,NCF,NCF,1,473,,2,0,0
nckimport,545,NBS,NBS,1,461,,2,0,0
nckimport,543,北京駐在員事務所,北京駐在員事務所,1,460,,2,0,0
nckimport,541,香港駐在員事務所,香港駐在員事務所,1,459,,2,0,0
nckimport,534,シンガポール支店,しんがぽーる支店,1,453,,2,0,0
nckimport,528,ロンドン支店,ろんどん支店,1,448,,2,0,0
nckimport,519,ニューヨーク支店,にゅーよーく支店,1,440,,2,0,0
nckimport,514,那覇支店,那覇支店,1,436,,2,0,0
nckimport,510,大分支店,大分支店,1,433,,2,0,0
nckimport,495,熊本支店,熊本支店,1,420,,2,0,0
nckimport,484,長崎支店,長崎支店,1,411,,2,0,0
nckimport,471,福岡支店,福岡支店,1,399,,2,0,0
nckimport,460,高松支店,高松支店,1,389,,2,0,0
nckimport,438,岡山支店,岡山支店,1,369,,2,0,0
nckimport,416,大阪支店,大阪支店,1,354,,2,0,0
nckimport,407,名古屋支店,名古屋支店,1,346,,2,0,0
nckimport,390,富山支店,富山支店,1,331,,2,0,0
nckimport,381,千葉支店,千葉支店,1,324,,2,0,0
nckimport,370,前橋支店,前橋支店,1,315,,2,0,0
nckimport,358,宇都宮支店,宇都宮支店,1,305,,2,0,0
nckimport,344,福島支店,福島支店,1,293,,2,0,0
nckimport,331,秋田支店,秋田支店,1,282,,2,0,0
nckimport,319,山形支店,山形支店,1,272,,2,0,0
nckimport,301,仙台支店,仙台支店,1,256,,2,0,0
nckimport,288,青森支店,青森支店,1,245,,2,0,0
nckimport,278,札幌支店,札幌支店,1,236,,2,0,0
nckimport,269,関東業務部,関東業務部,1,228,,2,0,0
nckimport,265,外為業務管理部,外為業務管理部,1,225,,2,0,0
nckimport,259,本店業務部,本店業務部,1,220,,2,0,0
nckimport,253,農林水産環境事業部,農林水産環境事業部,1,216,,2,0,0
nckimport,246,営業第五部,営業第五部,1,210,,2,0,0
nckimport,240,営業第四部,営業第四部,1,205,,2,0,0
nckimport,234,営業第三部,営業第三部,1,200,,2,0,0
nckimport,230,営業第二部,営業第二部,1,197,,2,0,0
nckimport,225,営業第一部,営業第一部,1,193,,2,0,0
nckimport,217,投融資企画部,投融資企画部,1,186,,2,0,0
nckimport,208,資金証券管理部,資金証券管理部,1,178,,2,0,0
nckimport,200,市場業務管理部,市場業務管理部,1,171,,2,0,0
nckimport,193,リスク評価部,りすく評価部,1,165,,2,0,0
nckimport,191,投資契約部,投資契約部,1,164,,2,0,0
nckimport,186,資金為替部,資金為替部,1,160,,2,0,0
nckimport,184,プロジェクトファイナンス部,ぷろじぇくとふぁいなんす部,1,159,,2,0,0
nckimport,182,オルタナティブ投資部,おるたなてぃぶ投資部,1,158,,2,0,0
nckimport,180,クレジット投資部,くれじっと投資部,1,157,,2,0,0
nckimport,177,株式投資部,株式投資部,1,155,,2,0,0
nckimport,172,債券投資部,債券投資部,1,151,,2,0,0
nckimport,167,ＪＦマリンバンク部,ＪＦまりんばんく部,1,147,,2,0,0
nckimport,162,農林水産環境統括部,農林水産環境統括部,1,143,,2,0,0
nckimport,151,ＪＡバンク企画推進部,ＪＡばんく企画推進部,1,133,,2,0,0
nckimport,144,ＪＡバンク経営指導部,ＪＡばんく経営指導部,1,127,,2,0,0
nckimport,133,ＪＡバンク統括部,ＪＡばんく統括部,1,117,,2,0,0
nckimport,129,事業再生部,事業再生部,1,114,,2,0,0
nckimport,121,審査部,審査部,1,107,,2,0,0
nckimport,108,業務企画部,業務企画部,1,95,,2,0,0
nckimport,89,事務企画部,事務企画部,1,77,,2,0,0
nckimport,71,システム企画部,しすてむ企画部,1,60,,2,0,0
nckimport,65,統合リスク管理部,統合りすく管理部,1,55,,2,0,0
nckimport,58,企画管理部,企画管理部,1,50,,2,0,0
nckimport,47,総合企画部,総合企画部,1,40,,2,0,0
nckimport,36,人事部,人事部,1,30,,2,0,0
nckimport,24,業務監査部,業務監査部,1,19,,2,0,0
nckimport,21,法務部,法務部,1,17,,2,0,0
nckimport,15,コンプライアンス統括部,こんぷらいあんす統括部,1,12,,2,0,0
nckimport,6,総務部,総務部,1,4,,2,0,0
nckimport,4,監事室,監事室,1,3,,2,0,0
nckimport,1,秘書室,秘書室,1,1,,2,0,0
nckimport,579,NCA_業務開発部,NCA_業務開発部,1,487,0,2,0,0
nckimport,578,NCA_県域支援部,NCA_県域支援部,1,486,0,2,0,0
nckimport,577,NCA_研修企画部,NCA_研修企画部,1,485,0,2,0,0
nckimport,576,NCA_システム部,NCA_しすてむ部,1,484,0,2,0,0
nckimport,575,NCA_総務管理部,NCA_総務管理部,1,483,0,2,0,0
nckimport,573,NCF_昭島事業部,NCF_昭島事業部,1,482,0,2,0,0
nckimport,572,NCF_DN事業部,NCF_DN事業部,1,481,0,2,0,0
nckimport,571,NCF_施設管理事業部,NCF_施設管理事業部,1,480,0,2,0,0
nckimport,570,NCF_FM事務部,NCF_FM事務部,1,479,0,2,0,0
nckimport,566,NCF_FM業務部,NCF_FM業務部,1,476,0,2,0,0
nckimport,562,NCF_FM統括部,NCF_FM統括部,1,473,0,2,0,0
nckimport,557,NBS_業務受託部,NBS_業務受託部,1,470,0,2,0,0
nckimport,552,NBS_金融事務サポート第二部,NBS_金融事務さぽーと第二部,1,466,0,2,0,0
nckimport,546,NBS_金融事務サポート第一部,NBS_金融事務さぽーと第一部,1,461,0,2,0,0
nckimport,544,北京支店_北京駐在員事務所,北京支店_北京駐在員事務所,1,460,,2,0,0
nckimport,542,香港支店_香港駐在員事務所,香港支店_香港駐在員事務所,1,459,,2,0,0
nckimport,540,SGP支店_資金班,SGP支店_資金班,1,458,,2,0,0
nckimport,539,SGP支店_クレジットインベストメント2班,SGP支店_くれじっといんべすとめんと2班,1,457,,2,0,0
nckimport,538,SGP支店_クレジットインベストメント1班,SGP支店_くれじっといんべすとめんと1班,1,456,,2,0,0
nckimport,537,SGP支店_管理班,SGP支店_管理班,1,455,,2,0,0
nckimport,536,SGP支店_事務班,SGP支店_事務班,1,454,,2,0,0
nckimport,535,SGP支店_総務班,SGP支店_総務班,1,453,,2,0,0
nckimport,533,LDN支店_事務班,LDN支店_事務班,1,452,,2,0,0
nckimport,532,LDN支店_管理班,LDN支店_管理班,1,451,,2,0,0
nckimport,531,LDN支店_市場班,LDN支店_市場班,1,450,,2,0,0
nckimport,530,LDN支店_欧州投融資班,LDN支店_欧州投融資班,1,449,,2,0,0
nckimport,529,LDN支店_総務班,LDN支店_総務班,1,448,,2,0,0
nckimport,527,NY支店_米国リスク管理室,NY支店_米国りすく管理室,1,447,,2,0,0
nckimport,526,NY支店_マーケットリサーチ班,NY支店_まーけっとりさーち班,1,446,,2,0,0
nckimport,525,NY支店_市場班,NY支店_市場班,1,445,,2,0,0
nckimport,524,NY支店_コーポレートファイナンス班,NY支店_こーぽれーとふぁいなんす班,1,444,0,2,0,0
nckimport,523,NY支店_IT_IS班,NY支店_IT_IS班,1,443,,2,0,0
nckimport,522,NY支店_事務班,NY支店_事務班,1,442,,2,0,0
nckimport,521,NY支店_管理班,NY支店_管理班,1,441,,2,0,0
nckimport,520,NY支店_総務班,NY支店_総務班,1,440,,2,0,0
nckimport,518,那覇支店_農林水産環境事業班,那覇支店_農林水産環境事業班,1,439,,2,0,0
nckimport,517,那覇支店_業務班,那覇支店_業務班,1,438,,2,0,0
nckimport,516,那覇支店_窓口業務班,那覇支店_窓口業務班,1,437,,2,0,0
nckimport,515,那覇支店_総務班,那覇支店_総務班,1,436,,2,0,0
nckimport,513,大分支店_業務班,大分支店_業務班,1,435,,2,0,0
nckimport,512,大分支店_窓口業務班,大分支店_窓口業務班,1,434,,2,0,0
nckimport,511,大分支店_総務班,大分支店_総務班,1,433,,2,0,0
nckimport,509,熊本支店_業務第四班,熊本支店_業務第四班,1,432,,2,0,0
nckimport,508,熊本支店_業務第三班,熊本支店_業務第三班,1,431,,2,0,0
nckimport,507,熊本支店_業務第二班,熊本支店_業務第二班,1,430,,2,0,0
nckimport,506,熊本支店_ローンセンター班,熊本支店_ろーんせんたー班,1,429,,2,0,0
nckimport,505,熊本支店_業務第一班,熊本支店_業務第一班,1,428,,2,0,0
nckimport,504,熊本支店_業務第五班,熊本支店_業務第五班,1,427,,2,0,0
nckimport,501,熊本支店_窓口業務課,熊本支店_窓口業務課,1,425,,2,0,0
nckimport,500,熊本支店_公庫受託課,熊本支店_公庫受託課,1,424,,2,0,0
nckimport,499,熊本支店_農業金融センター班,熊本支店_農業金融せんたー班,1,423,,2,0,0
nckimport,498,熊本支店_農林水産環境事業第二班,熊本支店_農林水産環境事業第二班,1,422,,2,0,0
nckimport,497,熊本支店_農林水産環境事業第一班,熊本支店_農林水産環境事業第一班,1,421,,2,0,0
nckimport,496,熊本支店_総務班,熊本支店_総務班,1,420,,2,0,0
nckimport,492,長崎支店_窓口業務課,長崎支店_窓口業務課,1,418,,2,0,0
nckimport,491,長崎支店_公庫受託課,長崎支店_公庫受託課,1,417,,2,0,0
nckimport,490,長崎支店_農林水産環境事業班,長崎支店_農林水産環境事業班,1,416,,2,0,0
nckimport,489,長崎支店_業務四班,長崎支店_業務四班,1,415,,2,0,0
nckimport,488,長崎支店_業務三班,長崎支店_業務三班,1,414,,2,0,0
nckimport,487,長崎支店_業務二班,長崎支店_業務二班,1,413,,2,0,0
nckimport,486,長崎支店_業務一班,長崎支店_業務一班,1,412,,2,0,0
nckimport,485,長崎支店_総務班,長崎支店_総務班,1,411,,2,0,0
nckimport,483,福岡支店_鹿児島推進室,福岡支店_鹿児島推進室,1,410,,2,0,0
nckimport,482,福岡支店_宮崎推進室,福岡支店_宮崎推進室,1,409,,2,0,0
nckimport,481,福岡支店_農林水産環境事業第五班,福岡支店_農林水産環境事業第五班,1,408,,2,0,0
nckimport,480,福岡支店_農林水産環境事業第四班,福岡支店_農林水産環境事業第四班,1,407,,2,0,0
nckimport,479,福岡支店_農林水産環境事業第三班,福岡支店_農林水産環境事業第三班,1,406,,2,0,0
nckimport,478,福岡支店_窓口業務班,福岡支店_窓口業務班,1,405,,2,0,0
nckimport,477,福岡支店_農林水産環境事業第二班,福岡支店_農林水産環境事業第二班,1,404,,2,0,0
nckimport,476,福岡支店_農林水産環境事業第一班,福岡支店_農林水産環境事業第一班,1,403,,2,0,0
nckimport,475,福岡支店_農林水産環境事業第七班,福岡支店_農林水産環境事業第七班,1,402,,2,0,0
nckimport,474,福岡支店_農林水産環境事業第六班,福岡支店_農林水産環境事業第六班,1,401,,2,0,0
nckimport,473,福岡支店_業務第一班,福岡支店_業務第一班,1,400,,2,0,0
nckimport,472,福岡支店_総務班,福岡支店_総務班,1,399,,2,0,0
nckimport,470,高松支店_高知推進室,高松支店_高知推進室,1,398,,2,0,0
nckimport,469,高松支店_松山推進室,高松支店_松山推進室,1,397,,2,0,0
nckimport,468,高松支店_徳島推進室,高松支店_徳島推進室,1,396,,2,0,0
nckimport,467,高松支店_農林水産環境事業第二班,高松支店_農林水産環境事業第二班,1,395,,2,0,0
nckimport,466,高松支店_農林水産環境事業第一班,高松支店_農林水産環境事業第一班,1,394,,2,0,0
nckimport,465,高松支店_業務第三班,高松支店_業務第三班,1,393,,2,0,0
nckimport,464,高松支店_業務第二班,高松支店_業務第二班,1,392,,2,0,0
nckimport,463,高松支店_窓口業務班,高松支店_窓口業務班,1,391,,2,0,0
nckimport,462,高松支店_総務班,高松支店_総務班,1,390,,2,0,0
nckimport,461,高松支店_業務第一班,高松支店_業務第一班,1,389,,2,0,0
nckimport,459,岡山支店_山口推進室,岡山支店_山口推進室,1,388,,2,0,0
nckimport,458,岡山支店_広島推進室,岡山支店_広島推進室,1,387,,2,0,0
nckimport,457,岡山支店_松江推進室,岡山支店_松江推進室,1,386,,2,0,0
nckimport,456,岡山支店_鳥取推進室,岡山支店_鳥取推進室,1,385,,2,0,0
nckimport,453,岡山支店_事務課,岡山支店_事務課,1,383,,2,0,0
nckimport,452,岡山支店_事務資金班,岡山支店_事務資金班,1,382,,2,0,0
nckimport,451,岡山支店_窓口業務班,岡山支店_窓口業務班,1,381,,2,0,0
nckimport,450,岡山支店_公庫受託課,岡山支店_公庫受託課,1,380,,2,0,0
nckimport,449,岡山支店_農林水産環境事業第四班,岡山支店_農林水産環境事業第四班,1,379,,2,0,0
nckimport,448,岡山支店_農林水産環境事業第三班,岡山支店_農林水産環境事業第三班,1,378,,2,0,0
nckimport,447,岡山支店_農林水産環境事業第二班,岡山支店_農林水産環境事業第二班,1,377,,2,0,0
nckimport,446,岡山支店_農林水産環境事業第一班,岡山支店_農林水産環境事業第一班,1,376,,2,0,0
nckimport,445,岡山支店_営業支援二班,岡山支店_営業支援二班,1,375,,2,0,0
nckimport,444,岡山支店_営業支援一班,岡山支店_営業支援一班,1,374,,2,0,0
nckimport,443,岡山支店_システム企画班,岡山支店_しすてむ企画班,1,373,,2,0,0
nckimport,442,岡山支店_事務企画班,岡山支店_事務企画班,1,372,,2,0,0
nckimport,441,岡山支店_推進統括班,岡山支店_推進統括班,1,371,,2,0,0
nckimport,440,岡山支店_総務事務班,岡山支店_総務事務班,1,370,,2,0,0
nckimport,439,岡山支店_総務班,岡山支店_総務班,1,369,,2,0,0
nckimport,437,大阪支店_和歌山推進室,大阪支店_和歌山推進室,1,368,,2,0,0
nckimport,433,大阪支店_業務第二部,大阪支店_業務第二部,1,365,,2,0,0
nckimport,427,大阪支店_関西営業部,大阪支店_関西営業部,1,360,,2,0,0
nckimport,425,大阪支店_関西農林水産環境事業部,大阪支店_関西農林水産環境事業部,1,359,,2,0,0
nckimport,422,大阪支店_業務第三部,大阪支店_業務第三部,1,357,,2,0,0
nckimport,419,大阪支店_業務第一部,大阪支店_業務第一部,1,355,,2,0,0
nckimport,417,大阪支店_総務室,大阪支店_総務室,1,354,,2,0,0
nckimport,415,名古屋支店_静岡推進室,名古屋支店_静岡推進室,1,353,,2,0,0
nckimport,414,名古屋支店_窓口業務班,名古屋支店_窓口業務班,1,352,,2,0,0
nckimport,413,名古屋支店_営業第二班,名古屋支店_営業第二班,1,351,,2,0,0
nckimport,412,名古屋支店_営業第一班,名古屋支店_営業第一班,1,350,,2,0,0
nckimport,411,名古屋支店_業務第二班,名古屋支店_業務第二班,1,349,,2,0,0
nckimport,410,名古屋支店_農林水産環境事業班,名古屋支店_農林水産環境事業班,1,348,,2,0,0
nckimport,409,名古屋支店_業務第一班,名古屋支店_業務第一班,1,347,,2,0,0
nckimport,408,名古屋支店_総務班,名古屋支店_総務班,1,346,,2,0,0
nckimport,406,富山支店_金沢推進室,富山支店_金沢推進室,1,345,,2,0,0
nckimport,405,富山支店_新潟推進室,富山支店_新潟推進室,1,344,,2,0,0
nckimport,404,富山支店_農業金融センター,富山支店_農業金融せんたー,1,343,,2,0,0
nckimport,401,富山支店_窓口業務課,富山支店_窓口業務課,1,341,,2,0,0
nckimport,400,富山支店_公庫受託課,富山支店_公庫受託課,1,340,,2,0,0
nckimport,399,富山支店_農林水産環境事業第二班,富山支店_農林水産環境事業第二班,1,339,,2,0,0
nckimport,398,富山支店_農林水産環境事業第一班,富山支店_農林水産環境事業第一班,1,338,,2,0,0
nckimport,397,富山支店_人材育成班,富山支店_人材育成班,1,337,,2,0,0
nckimport,396,富山支店_JAサポート班,富山支店_JAさぽーと班,1,336,,2,0,0
nckimport,395,富山支店_推進企画班,富山支店_推進企画班,1,335,,2,0,0
nckimport,394,富山支店_システム企画班,富山支店_しすてむ企画班,1,334,,2,0,0
nckimport,393,富山支店_経営指導班,富山支店_経営指導班,1,333,,2,0,0
nckimport,392,富山支店_総括班,富山支店_総括班,1,332,,2,0,0
nckimport,391,富山支店_総務班,富山支店_総務班,1,331,,2,0,0
nckimport,387,千葉支店_窓口業務課,千葉支店_窓口業務課,1,329,,2,0,0
nckimport,386,千葉支店_公庫受託課,千葉支店_公庫受託課,1,328,,2,0,0
nckimport,385,千葉支店_総務班,千葉支店_総務班,1,327,,2,0,0
nckimport,384,千葉支店_農林水産環境事業班,千葉支店_農林水産環境事業班,1,326,,2,0,0
nckimport,383,千葉支店_業務二班,千葉支店_業務二班,1,325,,2,0,0
nckimport,382,千葉支店_業務一班,千葉支店_業務一班,1,324,,2,0,0
nckimport,380,前橋支店_事務システム指導班,前橋支店_事務しすてむ指導班,1,323,,2,0,0
nckimport,379,前橋支店_JAサポート企画2班,前橋支店_JAさぽーと企画2班,1,322,,2,0,0
nckimport,378,前橋支店_JAサポート企画1班,前橋支店_JAさぽーと企画1班,1,321,,2,0,0
nckimport,377,前橋支店_推進指導総括班,前橋支店_推進指導総括班,1,320,,2,0,0
nckimport,376,前橋支店_農林水産環境事業班,前橋支店_農林水産環境事業班,1,319,,2,0,0
nckimport,373,前橋支店_窓口業務課,前橋支店_窓口業務課,1,317,,2,0,0
nckimport,372,前橋支店_公庫受託課,前橋支店_公庫受託課,1,316,,2,0,0
nckimport,371,前橋支店_総務班,前橋支店_総務班,1,315,,2,0,0
nckimport,369,宇都宮支店_人材育成班,宇都宮支店_人材育成班,1,314,,2,0,0
nckimport,368,宇都宮支店_基盤強化班,宇都宮支店_基盤強化班,1,313,,2,0,0
nckimport,367,宇都宮支店_リテール班,宇都宮支店_りてーる班,1,312,,2,0,0
nckimport,366,宇都宮支店_JAサポート班,宇都宮支店_JAさぽーと班,1,311,,2,0,0
nckimport,365,宇都宮支店_総括班,宇都宮支店_総括班,1,310,,2,0,0
nckimport,362,宇都宮支店_窓口業務課,宇都宮支店_窓口業務課,1,308,,2,0,0
nckimport,361,宇都宮支店_公庫受託課,宇都宮支店_公庫受託課,1,307,,2,0,0
nckimport,360,宇都宮支店_農林水産環境事業班,宇都宮支店_農林水産環境事業班,1,306,,2,0,0
nckimport,359,宇都宮支店_総務班,宇都宮支店_総務班,1,305,,2,0,0
nckimport,355,福島支店_窓口業務課,福島支店_窓口業務課,1,303,,2,0,0
nckimport,354,福島支店_公庫受託課,福島支店_公庫受託課,1,302,,2,0,0
nckimport,353,福島支店_農林水産環境事業班,福島支店_農林水産環境事業班,1,301,,2,0,0
nckimport,352,福島支店_合併推進班,福島支店_合併推進班,1,300,,2,0,0
nckimport,351,福島支店_ＪＡ経営対策班,福島支店_ＪＡ経営対策班,1,299,,2,0,0
nckimport,350,福島支店_システム手続班,福島支店_しすてむ手続班,1,298,,2,0,0
nckimport,349,福島支店_業務第四班,福島支店_業務第四班,1,297,,2,0,0
nckimport,348,福島支店_業務第三班,福島支店_業務第三班,1,296,,2,0,0
nckimport,347,福島支店_業務第二班,福島支店_業務第二班,1,295,,2,0,0
nckimport,346,福島支店_業務第一班,福島支店_業務第一班,1,294,,2,0,0
nckimport,345,福島支店_総務班,福島支店_総務班,1,293,,2,0,0
nckimport,343,秋田支店_人材開発班,秋田支店_人材開発班,1,292,,2,0,0
nckimport,342,秋田支店_事務システム班,秋田支店_事務しすてむ班,1,291,,2,0,0
nckimport,341,秋田支店_推進支援班,秋田支店_推進支援班,1,290,,2,0,0
nckimport,340,秋田支店_ローン推進班,秋田支店_ろーん推進班,1,289,,2,0,0
nckimport,339,秋田支店_貯金推進班,秋田支店_貯金推進班,1,288,,2,0,0
nckimport,338,秋田支店_総括班,秋田支店_総括班,1,287,,2,0,0
nckimport,335,秋田支店_窓口業務課,秋田支店_窓口業務課,1,285,,2,0,0
nckimport,334,秋田支店_公庫受託課,秋田支店_公庫受託課,1,284,,2,0,0
nckimport,333,秋田支店_農林水産環境事業班,秋田支店_農林水産環境事業班,1,283,,2,0,0
nckimport,332,秋田支店_総務班,秋田支店_総務班,1,282,,2,0,0
nckimport,328,山形支店_窓口業務課,山形支店_窓口業務課,1,280,,2,0,0
nckimport,327,山形支店_公庫受託課,山形支店_公庫受託課,1,279,,2,0,0
nckimport,326,山形支店_農林水産環境事業班,山形支店_農林水産環境事業班,1,278,,2,0,0
nckimport,325,山形支店_事務制度班,山形支店_事務制度班,1,277,,2,0,0
nckimport,324,山形支店_システム班,山形支店_しすてむ班,1,276,,2,0,0
nckimport,323,山形支店_人材育成班,山形支店_人材育成班,1,275,,2,0,0
nckimport,322,山形支店_経営サポート班,山形支店_経営さぽーと班,1,274,,2,0,0
nckimport,321,山形支店_総括班,山形支店_総括班,1,273,,2,0,0
nckimport,320,山形支店_総務班,山形支店_総務班,1,272,,2,0,0
nckimport,318,仙台支店_盛岡推進室,仙台支店_盛岡推進室,1,271,,2,0,0
nckimport,315,仙台支店_窓口業務課,仙台支店_窓口業務課,1,269,,2,0,0
nckimport,314,仙台支店_農林水産環境事業第二班,仙台支店_農林水産環境事業第二班,1,268,,2,0,0
nckimport,313,仙台支店_農林水産環境事業第一班,仙台支店_農林水産環境事業第一班,1,267,,2,0,0
nckimport,312,仙台支店_公庫受託課,仙台支店_公庫受託課,1,266,,2,0,0
nckimport,311,仙台支店_業務第六班,仙台支店_業務第六班,1,265,,2,0,0
nckimport,310,仙台支店_業務第五班,仙台支店_業務第五班,1,264,,2,0,0
nckimport,309,仙台支店_業務第四班,仙台支店_業務第四班,1,263,,2,0,0
nckimport,308,仙台支店_システム班,仙台支店_しすてむ班,1,262,,2,0,0
nckimport,307,仙台支店_業務第三班,仙台支店_業務第三班,1,261,,2,0,0
nckimport,306,仙台支店_ローンセンター班,仙台支店_ろーんせんたー班,1,260,,2,0,0
nckimport,305,仙台支店_業務第二班,仙台支店_業務第二班,1,259,,2,0,0
nckimport,304,仙台支店_JA経営対策班,仙台支店_JA経営対策班,1,258,,2,0,0
nckimport,303,仙台支店_業務第一班,仙台支店_業務第一班,1,257,,2,0,0
nckimport,302,仙台支店_総務班,仙台支店_総務班,1,256,,2,0,0
nckimport,298,青森支店_窓口業務課,青森支店_窓口業務課,1,254,,2,0,0
nckimport,297,青森支店_公庫受託課,青森支店_公庫受託課,1,253,,2,0,0
nckimport,296,青森支店_農林水産環境事業第二班,青森支店_農林水産環境事業第二班,1,252,,2,0,0
nckimport,295,青森支店_農林水産環境事業第一班,青森支店_農林水産環境事業第一班,1,251,,2,0,0
nckimport,294,青森支店_JA指導相談班,青森支店_JA指導相談班,1,250,,2,0,0
nckimport,293,青森支店_JA企画推進班,青森支店_JA企画推進班,1,249,,2,0,0
nckimport,292,青森支店_JAサポート第二班,青森支店_JAさぽーと第二班,1,248,,2,0,0
nckimport,291,青森支店_JAサポート第一班,青森支店_JAさぽーと第一班,1,247,,2,0,0
nckimport,290,青森支店_JAバンク総括班,青森支店_JAばんく総括班,1,246,,2,0,0
nckimport,289,青森支店_総務班,青森支店_総務班,1,245,,2,0,0
nckimport,287,札幌支店_窓口業務班,札幌支店_窓口業務班,1,244,,2,0,0
nckimport,286,札幌支店_業務事務第二班,札幌支店_業務事務第二班,1,243,,2,0,0
nckimport,285,札幌支店_農林水産環境事業第二班,札幌支店_農林水産環境事業第二班,1,242,,2,0,0
nckimport,284,札幌支店_農林水産環境事業第一班,札幌支店_農林水産環境事業第一班,1,241,,2,0,0
nckimport,283,札幌支店_業務事務第一班,札幌支店_業務事務第一班,1,240,,2,0,0
nckimport,282,札幌支店_業務第三班,札幌支店_業務第三班,1,239,,2,0,0
nckimport,281,札幌支店_業務第二班,札幌支店_業務第二班,1,238,,2,0,0
nckimport,280,札幌支店_業務第一班,札幌支店_業務第一班,1,237,,2,0,0
nckimport,279,札幌支店_総務班,札幌支店_総務班,1,236,,2,0,0
nckimport,277,関東業務部_長野推進室,関東業務部_長野推進室,1,235,,2,0,0
nckimport,276,関東業務部_甲府推進室,関東業務部_甲府推進室,1,234,,2,0,0
nckimport,275,関東業務部_水戸推進室,関東業務部_水戸推進室,1,233,,2,0,0
nckimport,274,関東業務部_JFマリンバンク班,関東業務部_JFまりんばんく班,1,232,,2,0,0
nckimport,273,関東業務部_農林水産環境事業第二班,関東業務部_農林水産環境事業第二班,1,231,,2,0,0
nckimport,272,関東業務部_農林水産環境事業第一班,関東業務部_農林水産環境事業第一班,1,230,,2,0,0
nckimport,271,関東業務部_JAバンク班,関東業務部_JAばんく班,1,229,,2,0,0
nckimport,270,関東業務部_総務班,関東業務部_総務班,1,228,,2,0,0
nckimport,268,外管部_外為業務班,外管部_外為業務班,1,227,,2,0,0
nckimport,267,外管部_コルレス・送金班,外管部_こるれす・送金班,1,226,,2,0,0
nckimport,266,外管部_外為企画班,外管部_外為企画班,1,225,,2,0,0
nckimport,264,本業部_窓口事務班,本業部_窓口事務班,1,224,,2,0,0
nckimport,263,本業部_出納手形班,本業部_出納手形班,1,223,,2,0,0
nckimport,262,本業部_為替班,本業部_為替班,1,222,,2,0,0
nckimport,261,本業部_預金班,本業部_預金班,1,221,,2,0,0
nckimport,260,本業部_事務班,本業部_事務班,1,220,,2,0,0
nckimport,255,農環事業部_エコフードビジネス推進室,農環事業部_えこふーどびじねす推進室,1,217,,2,0,0
nckimport,254,農環事業部_全農班,農環事業部_全農班,1,216,,2,0,0
nckimport,252,営五部_総合事務班,営五部_総合事務班,1,215,,2,0,0
nckimport,251,営五部_第五班,営五部_第五班,1,214,,2,0,0
nckimport,250,営五部_第四班,営五部_第四班,1,213,,2,0,0
nckimport,249,営五部_第三班,営五部_第三班,1,212,,2,0,0
nckimport,248,営五部_第二班,営五部_第二班,1,211,,2,0,0
nckimport,247,営五部_第一班,営五部_第一班,1,210,,2,0,0
nckimport,245,営四部_総合事務班,営四部_総合事務班,1,209,,2,0,0
nckimport,244,営四部_第四班,営四部_第四班,1,208,,2,0,0
nckimport,243,営四部_第三班,営四部_第三班,1,207,,2,0,0
nckimport,242,営四部_第二班,営四部_第二班,1,206,,2,0,0
nckimport,241,営四部_第一班,営四部_第一班,1,205,,2,0,0
nckimport,239,営三部_総合事務班,営三部_総合事務班,1,204,,2,0,0
nckimport,238,営三部_企業班第四,営三部_企業班第四,1,203,,2,0,0
nckimport,237,営三部_企業班第三,営三部_企業班第三,1,202,,2,0,0
nckimport,236,営三部_企業班第二,営三部_企業班第二,1,201,,2,0,0
nckimport,235,営三部_企業班第一,営三部_企業班第一,1,200,,2,0,0
nckimport,233,営二部_総合事務班,営二部_総合事務班,1,199,,2,0,0
nckimport,232,営二部_第二班,営二部_第二班,1,198,,2,0,0
nckimport,231,営二部_第一班,営二部_第一班,1,197,,2,0,0
nckimport,229,営一部_総合事務班,営一部_総合事務班,1,196,,2,0,0
nckimport,228,営一部_第三班,営一部_第三班,1,195,,2,0,0
nckimport,227,営一部_第二班,営一部_第二班,1,194,,2,0,0
nckimport,226,営一部_第一班,営一部_第一班,1,193,,2,0,0
nckimport,224,投企部_ビジネス連携企画班,投企部_びじねす連携企画班,1,192,,2,0,0
nckimport,223,投企部_金融円滑化推進室,投企部_金融円滑化推進室,1,191,,2,0,0
nckimport,222,投企部_投融資管理課,投企部_投融資管理課,1,190,,2,0,0
nckimport,221,投企部_営業基盤班,投企部_営業基盤班,1,189,,2,0,0
nckimport,220,投企部_営業推進班,投企部_営業推進班,1,188,,2,0,0
nckimport,219,投企部_CPM班,投企部_CPM班,1,187,,2,0,0
nckimport,218,投企部_総括課,投企部_総括課,1,186,,2,0,0
nckimport,216,資証管部_ISDA班,資証管部_ISDA班,1,185,,2,0,0
nckimport,215,資証管部_CSA管理班,資証管部_CSA管理班,1,184,,2,0,0
nckimport,214,資証管部_国際資金管理班,資証管部_国際資金管理班,1,183,,2,0,0
nckimport,213,資証管部_国内資金管理班,資証管部_国内資金管理班,1,182,,2,0,0
nckimport,212,資証管部_市場口座管理班,資証管部_市場口座管理班,1,181,,2,0,0
nckimport,211,資証管部_外国証券管理班,資証管部_外国証券管理班,1,180,,2,0,0
nckimport,210,資証管部_国内証券管理班,資証管部_国内証券管理班,1,179,,2,0,0
nckimport,209,資証管部_管理企画班,資証管部_管理企画班,1,178,,2,0,0
nckimport,207,市管部_システム班,市管部_しすてむ班,1,177,,2,0,0
nckimport,206,市管部_時価検証班,市管部_時価検証班,1,176,,2,0,0
nckimport,205,市管部_理論価格算出班,市管部_理論価格算出班,1,175,,2,0,0
nckimport,204,市管部_データ管理2班,市管部_でーた管理2班,1,174,,2,0,0
nckimport,203,市管部_データ管理1班,市管部_でーた管理1班,1,173,,2,0,0
nckimport,202,市管部_系統サポート班,市管部_系統さぽーと班,1,172,,2,0,0
nckimport,201,市管部_総括班,市管部_総括班,1,171,,2,0,0
nckimport,199,リ評部_市場取引評価班,り評 市場取引評価班,1,170,,2,0,0
nckimport,198,リ評部_ファンド投資評価班,り評 ふぁんど投資評価班,1,169,,2,0,0
nckimport,197,リ評部_信用リスク班,り評 信用りすく班,1,168,,2,0,0
nckimport,196,リ評部_市場リスク班,り評 市場りすく班,1,167,,2,0,0
nckimport,195,リ評部_内部モデル班,り評 内部もでる班,1,166,,2,0,0
nckimport,194,リ評部_総括班,り評 総括班,1,165,,2,0,0
nckimport,192,投契部_投資契約班,投契部_投資契約班,1,164,,2,0,0
nckimport,190,資為部_市場金融課,資為部_市場金融課,1,163,,2,0,0
nckimport,189,資為部_為替班,資為部_為替班,1,162,,2,0,0
nckimport,188,資為部_外貨資金市場班,資為部_外貨資金市場班,1,161,,2,0,0
nckimport,187,資為部_資金市場班,資為部_資金市場班,1,160,,2,0,0
nckimport,185,プロジェクトファイナンス部_プロジェクトファイナンス班,ぷろじぇくとふぁいなんす部_ぷろじぇくとふぁいなんす班,1,159,,2,0,0
nckimport,183,オルタナティブ投資部_オルタナティブ投資班,おるたなてぃぶ投資部_おるたなてぃぶ投資班,1,158,,2,0,0
nckimport,181,クレジット投資部_クレジット投資班,くれじっと投資部_くれじっと投資班,1,157,,2,0,0
nckimport,179,株投部_ポートフォリオマネジメント班,株投部_ぽーとふぉりおまねじめんと班,1,156,,2,0,0
nckimport,178,株投部_総括班,株投部_総括班,1,155,,2,0,0
nckimport,176,債投部_エマージング投資班,債投部_えまーじんぐ投資班,1,154,,2,0,0
nckimport,175,債投部_ポートフォリオマネジメント班,債投部_ぽーとふぉりおまねじめんと班,1,153,,2,0,0
nckimport,174,債投部_投資企画班,債投部_投資企画班,1,152,,2,0,0
nckimport,173,債投部_総括班,債投部_総括班,1,151,,2,0,0
nckimport,171,JF部_漁協系統サポート室,ＪＦまりんばんく部 漁協系統さぽーと室,1,150,,2,0,0
nckimport,170,JF部_事業企画班,ＪＦまりんばんく部 事業企画班,1,149,,2,0,0
nckimport,169,JF部_特定事項班,ＪＦまりんばんく部 特定事項班,1,148,,2,0,0
nckimport,168,JF部_総括班,ＪＦまりんばんく部 総括班,1,147,,2,0,0
nckimport,166,農環統部_金融班,農環統部_金融班,1,146,,2,0,0
nckimport,165,農環統部_森林班,農環統部_森林班,1,145,,2,0,0
nckimport,164,農環統部_県域戦略班,農環統部_県域戦略班,1,144,,2,0,0
nckimport,163,農環統部_総括班,農環統部_総括班,1,143,,2,0,0
nckimport,161,J企推部_基盤強化班,ＪＡばんく企画推進部 基盤強化班,1,142,,2,0,0
nckimport,160,J企推部_指定証券班,ＪＡばんく企画推進部 指定証券班,1,141,,2,0,0
nckimport,159,J企推部_金融サービス班,ＪＡばんく企画推進部 金融さーびす班,1,140,,2,0,0
nckimport,158,J企推部_CS・現場営業力グループ,ＪＡばんく企画推進部 CS・現場営業力ぐるーぷ,1,139,,2,0,0
nckimport,157,J企推部_カード・給振班,ＪＡばんく企画推進部 かーど・給振班,1,138,,2,0,0
nckimport,156,J企推部_ローン班,ＪＡばんく企画推進部 ろーん班,1,137,,2,0,0
nckimport,155,J企推部_資産相談班,ＪＡばんく企画推進部 資産相談班,1,136,,2,0,0
nckimport,154,J企推部_貯金・年金班,ＪＡばんく企画推進部 貯金・年金班,1,135,,2,0,0
nckimport,153,J企推部_系統広告班,ＪＡばんく企画推進部 系統広告班,1,134,,2,0,0
nckimport,152,J企推部_総括班,ＪＡばんく企画推進部 総括班,1,133,,2,0,0
nckimport,150,J経部_組織再編班,ＪＡばんく経営指導部 組織再編班,1,132,,2,0,0
nckimport,149,J経部_経営点検班,ＪＡばんく経営指導部 経営点検班,1,131,,2,0,0
nckimport,148,J経部_体制整備班,ＪＡばんく経営指導部 体制整備班,1,130,,2,0,0
nckimport,147,J経部_県域対策班,ＪＡばんく経営指導部 県域対策班,1,129,,2,0,0
nckimport,146,J経部_モニタリング班,ＪＡばんく経営指導部 もにたりんぐ班,1,128,,2,0,0
nckimport,145,J経部_総括班,ＪＡばんく経営指導部 総括班,1,127,,2,0,0
nckimport,143,J統部_復興対策グループ保証保険班,ＪＡばんく統括部 復興対策ぐるーぷ保証保険班,1,126,,2,0,0
nckimport,142,J統部_復興対策グループ復興金融班,ＪＡばんく統括部 復興対策ぐるーぷ復興金融班,1,125,,2,0,0
nckimport,141,J統部_復興対策グループJFマリンバンク班,ＪＡばんく統括部 復興対策ぐるーぷJFまりんばんく班,1,124,,2,0,0
nckimport,140,J統部_復興対策グループJAバンク班,ＪＡばんく統括部 復興対策ぐるーぷJAばんく班,1,123,,2,0,0
nckimport,139,J統部_統合県統括室,ＪＡばんく統括部 統合県統括室,1,122,,2,0,0
nckimport,138,J統部_制度統括グループ財務企画班,ＪＡばんく統括部 制度統括ぐるーぷ財務企画班,1,121,,2,0,0
nckimport,137,J統部_制度統括グループ系統制度班,ＪＡばんく統括部 制度統括ぐるーぷ系統制度班,1,120,,2,0,0
nckimport,136,J統部_系統資金グループ,ＪＡばんく統括部 系統資金ぐるーぷ,1,119,,2,0,0
nckimport,135,J統部_中期戦略グループ,ＪＡばんく統括部 中期戦略ぐるーぷ,1,118,,2,0,0
nckimport,134,J統部_総括グループ,ＪＡばんく統括部 総括ぐるーぷ,1,117,,2,0,0
nckimport,132,事再部_鰹鮪班,事再部_鰹鮪班,1,116,,2,0,0
nckimport,131,事再部_200先対応班,事再部_200先対応班,1,115,,2,0,0
nckimport,130,事再部_農畜産班,事再部_農畜産班,1,114,,2,0,0
nckimport,128,審査部_クレジット・リサーチ2班,審査部_くれじっと・りさーち2班,1,113,,2,0,0
nckimport,127,審査部_クレジット・リサーチ1班,審査部_くれじっと・りさーち1班,1,112,,2,0,0
nckimport,126,審査部_市場性信用リスク管理班,審査部_市場性信用りすく管理班,1,111,,2,0,0
nckimport,125,審査部_バンク・カントリー班,審査部_ばんく・かんとりー班,1,110,,2,0,0
nckimport,124,審査部_審査席（法人）,審査部_審査席（法人）,1,109,,2,0,0
nckimport,123,審査部_審査席（系統）,審査部_審査席（系統）,1,108,,2,0,0
nckimport,122,審査部_審査総括班,審査部_審査総括班,1,107,,2,0,0
nckimport,120,業企部_個人決済・事務集中班,業企部_個人決済・事務集中班,1,106,,2,0,0
nckimport,119,業企部_法人決済班,業企部_法人決済班,1,105,,2,0,0
nckimport,118,業企部_ATM班,業企部_ATM班,1,104,,2,0,0
nckimport,117,業企部_国庫金検査班,業企部_国庫金検査班,1,103,,2,0,0
nckimport,116,業企部_国庫金管理班,業企部_国庫金管理班,1,102,,2,0,0
nckimport,115,業企部_国庫金企画班,業企部_国庫金企画班,1,101,,2,0,0
nckimport,114,業企部_管理事務班,業企部_管理事務班,1,100,,2,0,0
nckimport,113,業企部_為替決済手続班,業企部_為替決済手続班,1,99,,2,0,0
nckimport,112,業企部_JASTEM為替振決班,業企部_JASTEM為替振決班,1,98,,2,0,0
nckimport,111,業企部_系統決済制度班,業企部_系統決済制度班,1,97,,2,0,0
nckimport,110,業企部_課金事務班,業企部_課金事務班,1,96,,2,0,0
nckimport,109,業企部_総括班,業企部_総括班,1,95,,2,0,0
nckimport,107,事企部_事務リスク管理室,事企部_事務りすく管理室,1,94,,2,0,0
nckimport,106,事企部_JASTEM情報系班,事企部_JASTEM情報系班,1,93,,2,0,0
nckimport,105,事企部_JASTEM共通班,事企部_JASTEM共通班,1,92,,2,0,0
nckimport,104,事企部_JASTEM貸出班,事企部_JASTEM貸出班,1,91,,2,0,0
nckimport,103,事企部_JASTEM貯金班,事企部_JASTEM貯金班,1,90,,2,0,0
nckimport,102,事企部_管理班,事企部_管理班,1,89,,2,0,0
nckimport,101,事企部_組織再編業務班,事企部_組織再編業務班,1,88,,2,0,0
nckimport,100,事企部_貸出班,事企部_貸出班,1,87,,2,0,0
nckimport,99,事企部_共通・預貯金班,事企部_共通・預貯金班,1,86,,2,0,0
nckimport,98,事企部_系統手続企画班,事企部_系統手続企画班,1,85,,2,0,0
nckimport,97,事企部_手続総括班,事企部_手続総括班,1,84,,2,0,0
nckimport,96,事企部_総務管理班,事企部_総務管理班,1,83,,2,0,0
nckimport,95,事企部_管理企画班,事企部_管理企画班,1,82,,2,0,0
nckimport,94,事企部_JA事務指導班,事企部_JA事務指導班,1,81,,2,0,0
nckimport,93,事企部_JAバンク営業店事務改革班,事企部_JAばんく営業店事務改革班,1,80,,2,0,0
nckimport,92,事企部_営業店事務実地指導班,事企部_営業店事務実地指導班,1,79,,2,0,0
nckimport,91,事企部_営業店事務指導企画班,事企部_営業店事務指導企画班,1,78,,2,0,0
nckimport,90,事企部_事務総括班,事企部_事務総括班,1,77,,2,0,0
nckimport,88,シ企部_購買班,し企 購買班,1,76,,2,0,0
nckimport,87,シ企部_システム開発管理班,し企 しすてむ開発管理班,1,75,,2,0,0
nckimport,86,シ企部_NW迂回中継班,し企 NW迂回中継班,1,74,,2,0,0
nckimport,85,シ企部_新端末対策班,し企 新端末対策班,1,73,,2,0,0
nckimport,84,シ企部_新システムPJ管理班,し企 新しすてむPJ管理班,1,72,,2,0,0
nckimport,83,シ企部_基盤更改班,し企 基盤更改班,1,71,,2,0,0
nckimport,82,シ企部_新システムPJ総括班,し企 新しすてむPJ総括班,1,70,,2,0,0
nckimport,81,シ企部_組織再編班,し企 組織再編班,1,69,,2,0,0
nckimport,80,シ企部_系統システム開発企画班,し企 系統しすてむ開発企画班,1,68,,2,0,0
nckimport,79,シ企部_系統システム総括班,し企 系統しすてむ総括班,1,67,,2,0,0
nckimport,78,シ企部_JASTEM障害統括班,し企 JASTEM障害統括班,1,66,,2,0,0
nckimport,77,シ企部_システム管理班,し企 しすてむ管理班,1,65,,2,0,0
nckimport,76,シ企部_システムリスク管理班,し企 しすてむりすく管理班,1,64,,2,0,0
nckimport,75,シ企部_拠点整備・県センター対応班,し企 拠点整備・県せんたー対応班,1,63,,2,0,0
nckimport,74,シ企部_総務班,し企 総務班,1,62,,2,0,0
nckimport,73,シ企部_開発企画班,し企 開発企画班,1,61,,2,0,0
nckimport,72,シ企部_システム企画班,し企 しすてむ企画班,1,60,,2,0,0
nckimport,70,統リ部_高度化企画室,統り 高度化企画室,1,59,,2,0,0
nckimport,69,統リ部_格付制度統括班,統り 格付制度統括班,1,58,,2,0,0
nckimport,68,統リ部_オペレーショナルリスク統括班,統り おぺれーしょなるりすく統括班,1,57,,2,0,0
nckimport,67,統リ部_総括班兼バーゼル3班,統り 総括班兼ばーぜる3班,1,56,,2,0,0
nckimport,66,統リ部_企画管理班,統り 企画管理班,1,55,,2,0,0
nckimport,64,企管部_経営データ統括室,企管部_経営でーた統括室,1,54,,2,0,0
nckimport,61,企管部_経営管理室,企管部_経営管理室,1,52,,2,0,0
nckimport,60,企管部_信用リスク班,企管部_信用りすく班,1,51,,2,0,0
nckimport,59,企管部_企画管理班,企管部_企画管理班,1,50,,2,0,0
nckimport,57,総企部_企画開発室,総企部_企画開発室,1,49,,2,0,0
nckimport,56,総企部_広報企画室,総企部_広報企画室,1,48,,2,0,0
nckimport,55,総企部_グループ戦略室,総企部_ぐるーぷ戦略室,1,47,,2,0,0
nckimport,54,総企部_ファシリティマネジメント室,総企部_ふぁしりてぃまねじめんと室,1,46,,2,0,0
nckimport,53,総企部_経営企画4班,総企部_経営企画4班,1,45,,2,0,0
nckimport,52,総企部_経営企画3班,総企部_経営企画3班,1,44,,2,0,0
nckimport,51,総企部_経営企画2班,総企部_経営企画2班,1,43,,2,0,0
nckimport,50,総企部_経営企画1班,総企部_経営企画1班,1,42,,2,0,0
nckimport,49,総企部_会員説明班,総企部_会員説明班,1,41,,2,0,0
nckimport,48,総企部_総括班,総企部_総括班,1,40,,2,0,0
nckimport,46,人事部_能力開発室,人事部_能力開発室,1,39,,2,0,0
nckimport,45,人事部_人権班,人事部_人権班,1,38,,2,0,0
nckimport,44,人事部_共助会班,人事部_共助会班,1,37,,2,0,0
nckimport,43,人事部_厚生班,人事部_厚生班,1,36,,2,0,0
nckimport,42,人事部_人材育成班,人事部_人材育成班,1,35,,2,0,0
nckimport,41,人事部_人材採用班,人事部_人材採用班,1,34,,2,0,0
nckimport,40,人事部_人事班,人事部_人事班,1,33,,2,0,0
nckimport,39,人事部_事務第二班,人事部_事務第二班,1,32,,2,0,0
nckimport,38,人事部_事務第一班,人事部_事務第一班,1,31,,2,0,0
nckimport,37,人事部_人事企画班,人事部_人事企画班,1,30,,2,0,0
nckimport,35,業監部_統合リスク管理班,業監部_統合りすく管理班,1,29,,2,0,0
nckimport,34,業監部_市場リスク管理班,業監部_市場りすく管理班,1,28,,2,0,0
nckimport,33,業監部_信用リスク管理班,業監部_信用りすく管理班,1,27,,2,0,0
nckimport,32,業監部_システムリスク管理班,業監部_しすてむりすく管理班,1,26,,2,0,0
nckimport,31,業監部_J-SOX班,業監部_J-SOX班,1,25,,2,0,0
nckimport,30,業監部_系統・オペレーショナルリスク管理C班,業監部_系統・おぺれーしょなるりすく管理C班,1,24,,2,0,0
nckimport,29,業監部_系統・オペレーショナルリスク管理B班,業監部_系統・おぺれーしょなるりすく管理B班,1,23,,2,0,0
nckimport,28,業監部_系統・オペレーショナルリスク管理A班,業監部_系統・おぺれーしょなるりすく管理A班,1,22,,2,0,0
nckimport,27,業監部_統制リスク管理班,業監部_統制りすく管理班,1,21,,2,0,0
nckimport,26,業監部_管理総務班,業監部_管理総務班,1,20,,2,0,0
nckimport,25,業監部_総括班,業監部_総括班,1,19,,2,0,0
nckimport,23,法務部_法務班,法務部_法務班,1,18,,2,0,0
nckimport,22,法務部_総括班,法務部_総括班,1,17,,2,0,0
nckimport,20,コンプラ部_情報セキュリティ班,こんぷらいあんす統括部 情報せきゅりてぃ班,1,16,,2,0,0
nckimport,19,コンプラ部_顧客保護班,こんぷらいあんす統括部 顧客保護班,1,15,,2,0,0
nckimport,18,コンプラ部_コンプライアンス2班,こんぷらいあんす統括部 こんぷらいあんす2班,1,14,,2,0,0
nckimport,17,コンプラ部_コンプライアンス1班,こんぷらいあんす統括部 こんぷらいあんす1班,1,13,,2,0,0
nckimport,16,コンプラ部_総括班,こんぷらいあんす統括部 総括班,1,12,,2,0,0
nckimport,14,総務部_主任考査役席,総務部_主任考査役席,1,11,,2,0,0
nckimport,13,総務部_BCP統括室,総務部_BCP統括室,1,10,,2,0,0
nckimport,12,総務部_CSR推進室,総務部_CSR推進室,1,9,,2,0,0
nckimport,11,総務部_省エネ対策班,総務部_省えね対策班,1,8,,2,0,0
nckimport,10,総務部_出資班,総務部_出資班,1,7,,2,0,0
nckimport,9,総務部_検査対応班,総務部_検査対応班,1,6,,2,0,0
nckimport,8,総務部_内部統制班,総務部_内部統制班,1,5,,2,0,0
nckimport,7,総務部_総括班,総務部_総括班,1,4,,2,0,0
nckimport,5,監事室_部長代理席,監事室_部長代理席,1,3,,2,0,0
nckimport,3,秘書室_理事室,秘書室_理事室,1,2,,2,0,0
nckimport,2,秘書室_秘書室,秘書室_秘書室,1,1,,2,0,0
nckimport,503,熊本支店_窓口業務課_系統決済係,熊本支店_窓口業務課_系統決済係,1,426,,2,0,0
nckimport,502,熊本支店_窓口業務課_窓口業務課,熊本支店_窓口業務課_窓口業務課,1,425,,2,0,0
nckimport,494,長崎支店_窓口業務課_系統決済係,長崎支店_窓口業務課_系統決済係,1,419,,2,0,0
nckimport,493,長崎支店_窓口業務課_窓口業務課,長崎支店_窓口業務課_窓口業務課,1,418,,2,0,0
nckimport,455,岡山支店_事務課_系統決済係,岡山支店_事務課_系統決済係,1,384,,2,0,0
nckimport,454,岡山支店_事務課_事務課,岡山支店_事務課_事務課,1,383,,2,0,0
nckimport,436,大阪支店_業務第二部 事務班,大阪支店_業務第二部 事務班,1,367,,2,0,0
nckimport,435,大阪支店_業務第二部 出納為替班,大阪支店_業務第二部 出納為替班,1,366,,2,0,0
nckimport,434,大阪支店_業務第二部 窓口業務班,大阪支店_業務第二部 窓口業務班,1,365,,2,0,0
nckimport,432,大阪支店_関西営業部 営業事務班,大阪支店_関西営業部 営業事務班,1,364,,2,0,0
nckimport,431,大阪支店_関西営業部 第四班,大阪支店_関西営業部 第四班,1,363,,2,0,0
nckimport,430,大阪支店_関西営業部 第三班,大阪支店_関西営業部 第三班,1,362,,2,0,0
nckimport,429,大阪支店_関西営業部 第二班,大阪支店_関西営業部 第二班,1,361,,2,0,0
nckimport,428,大阪支店_関西営業部 第一班,大阪支店_関西営業部 第一班,1,360,,2,0,0
nckimport,426,大阪支店_関西農林水産環境事業部 農林水産環境事業班,大阪支店_関西農林水産環境事業部 農林水産環境事業班,1,359,,2,0,0
nckimport,424,大阪支店_業務第三部 業務第二班,大阪支店_業務第三部 業務第二班,1,358,,2,0,0
nckimport,423,大阪支店_業務第三部 業務第一班,大阪支店_業務第三部 業務第一班,1,357,,2,0,0
nckimport,421,大阪支店_業務第一部 業務第二班,大阪支店_業務第一部 業務第二班,1,356,,2,0,0
nckimport,420,大阪支店_業務第一部 業務第一班,大阪支店_業務第一部 業務第一班,1,355,,2,0,0
nckimport,418,大阪支店_総務室_総務班,大阪支店_総務室_総務班,1,354,,2,0,0
nckimport,403,富山支店_窓口業務課_系統決済係,富山支店_窓口業務課_系統決済係,1,342,,2,0,0
nckimport,402,富山支店_窓口業務課_窓口業務課,富山支店_窓口業務課_窓口業務課,1,341,,2,0,0
nckimport,389,千葉支店_窓口業務課_系統決済係,千葉支店_窓口業務課_系統決済係,1,330,,2,0,0
nckimport,388,千葉支店_窓口業務課_窓口業務課,千葉支店_窓口業務課_窓口業務課,1,329,,2,0,0
nckimport,375,前橋支店_窓口業務課_系統決済係,前橋支店_窓口業務課_系統決済係,1,318,,2,0,0
nckimport,374,前橋支店_窓口業務課_窓口業務課,前橋支店_窓口業務課_窓口業務課,1,317,,2,0,0
nckimport,364,宇都宮支店_窓口業務課_系統決済係,宇都宮支店_窓口業務課_系統決済係,1,309,,2,0,0
nckimport,363,宇都宮支店_窓口業務課_窓口業務課,宇都宮支店_窓口業務課_窓口業務課,1,308,,2,0,0
nckimport,357,福島支店_窓口業務課_系統決済係,福島支店_窓口業務課_系統決済係,1,304,,2,0,0
nckimport,356,福島支店_窓口業務課_窓口業務課,福島支店_窓口業務課_窓口業務課,1,303,,2,0,0
nckimport,337,秋田支店_窓口業務課_系統決済係,秋田支店_窓口業務課_系統決済係,1,286,,2,0,0
nckimport,336,秋田支店_窓口業務課_窓口業務課,秋田支店_窓口業務課_窓口業務課,1,285,,2,0,0
nckimport,330,山形支店_窓口業務課_系統決済係,山形支店_窓口業務課_系統決済係,1,281,,2,0,0
nckimport,329,山形支店_窓口業務課_窓口業務課,山形支店_窓口業務課_窓口業務課,1,280,,2,0,0
nckimport,317,仙台支店_窓口業務課_系統決済係,仙台支店_窓口業務課_系統決済係,1,270,,2,0,0
nckimport,316,仙台支店_窓口業務課_窓口業務課,仙台支店_窓口業務課_窓口業務課,1,269,,2,0,0
nckimport,300,青森支店_窓口業務課_系統決済係,青森支店_窓口業務課_系統決済係,1,255,,2,0,0
nckimport,299,青森支店_窓口業務課_窓口業務課,青森支店_窓口業務課_窓口業務課,1,254,,2,0,0
nckimport,258,農環事業部_エコフードビジネス推進室 3班,農環事業部_えこふーどびじねす推進室 3班,1,219,,2,0,0
nckimport,257,農環事業部_エコフードビジネス推進室 2班,農環事業部_えこふーどびじねす推進室 2班,1,218,,2,0,0
nckimport,256,農環事業部_エコフードビジネス推進室 1班,農環事業部_えこふーどびじねす推進室 1班,1,217,,2,0,0
nckimport,63,企管部_経営管理室 会計管理班,企管部_経営管理室 会計管理班,1,53,,2,0,0
nckimport,62,企管部_経営管理室 主計班,企管部_経営管理室 主計班,1,52,,2,0,0
insuite,2000595,テスト,てすと,1,8,0,2,0,0
insuite,2000597,総務部_文書取扱責任者,そうむぶんしょとりあつかいせきにんしゃ,2,10,0,2,1,0
insuite,2000598,総務部_コンプライアンス責任者,そうむこんぷらいあんすせきにんしゃ,2,10,0,2,1,0
insuite,2000599,総務部_コンプライアンス担当者,そうむこんぷらいあんすたんとうしゃ,2,10,0,2,1,0
insuite,2000600,内部統制班_文書取扱担当者,ないぶとうせいはんぶんしょとりあつかいたんとうしゃ,2,10,0,2,1,0
insuite,2000602,テスト組織,てすと組織,1,10,0,2,0,0
csv,2100000,秘書室_コンプライアンス責任者,秘書室_コンプライアンス責任者,2,10,0,2,1,0
csv,2100001,秘書室_コンプライアンス担当者,秘書室_コンプライアンス担当者,2,10,0,2,1,0
csv,2100002,秘書室_文書取扱責任者,秘書室_文書取扱責任者,2,10,0,2,1,0
csv,2100003,秘書室_文書取扱担当者,秘書室_文書取扱担当者,2,10,0,2,1,0
csv,2100004,理事室_文書取扱担当者,理事室_文書取扱担当者,2,10,0,2,1,0
csv,2100005,監事室_コンプライアンス責任者,監事室_コンプライアンス責任者,2,10,0,2,1,0
csv,2100006,監事室_コンプライアンス担当者,監事室_コンプライアンス担当者,2,10,0,2,1,0
insuite,2001252,監事室_文書取扱責任者,監事室_文書取扱責任者,2,10,0,2,1,0
csv,2100008,部長代理席_文書取扱担当者,部長代理席_文書取扱担当者,2,10,0,2,1,0
csv,2100009,総括班_文書取扱担当者,総括班_文書取扱担当者,2,10,0,2,1,0
csv,2100010,検査対応班_文書取扱担当者,検査対応班_文書取扱担当者,2,10,0,2,1,0
csv,2100011,出資班_文書取扱担当者,出資班_文書取扱担当者,2,10,0,2,1,0
csv,2100012,省エネ対策班_文書取扱担当者,省エネ対策班_文書取扱担当者,2,10,0,2,1,0
csv,2100013,CSR推進室_文書取扱担当者,CSR推進室_文書取扱担当者,2,10,0,2,1,0
csv,2100014,BCP統括室_文書取扱担当者,BCP統括室_文書取扱担当者,2,10,0,2,1,0
csv,2100015,主任考査役席_文書取扱担当者,主任考査役席_文書取扱担当者,2,10,0,2,1,0
csv,2100016,総括班_文書取扱担当者,総括班_文書取扱担当者,2,10,0,2,1,0
csv,2100017,コンプライアンス1班_文書取扱担当者,コンプライアンス1班_文書取扱担当者,2,10,0,2,1,0
csv,2100018,コンプライアンス2班_文書取扱担当者,コンプライアンス2班_文書取扱担当者,2,10,0,2,1,0
csv,2100019,顧客保護班_文書取扱担当者,顧客保護班_文書取扱担当者,2,10,0,2,1,0
csv,2100020,情報セキュリティ班_文書取扱担当者,情報セキュリティ班_文書取扱担当者,2,10,0,2,1,0
csv,2100021,コンプラ部_文書取扱責任者,コンプラ部_文書取扱責任者,2,10,0,2,1,0
csv,2100022,コンプラ部_コンプライアンス責任者,コンプラ部_コンプライアンス責任者,2,10,0,2,1,0
csv,2100023,コンプラ部_コンプライアンス担当者,コンプラ部_コンプライアンス担当者,2,10,0,2,1,0
csv,2100024,総括班_文書取扱担当者,総括班_文書取扱担当者,2,10,0,2,1,0
csv,2100025,法務班_文書取扱担当者,法務班_文書取扱担当者,2,10,0,2,1,0
csv,2100026,法務部_文書取扱責任者,法務部_文書取扱責任者,2,10,0,2,1,0
csv,2100027,法務部_コンプライアンス責任者,法務部_コンプライアンス責任者,2,10,0,2,1,0
csv,2100028,法務部_コンプライアンス担当者,法務部_コンプライアンス担当者,2,10,0,2,1,0
csv,2100029,業監部_文書取扱責任者,業監部_文書取扱責任者,2,10,0,2,1,0
csv,2100030,業監部_コンプライアンス責任者,業監部_コンプライアンス責任者,2,10,0,2,1,0
csv,2100031,業監部_コンプライアンス担当者,業監部_コンプライアンス担当者,2,10,0,2,1,0
csv,2100032,総括班_文書取扱担当者,総括班_文書取扱担当者,2,10,0,2,1,0
csv,2100033,管理総務班_文書取扱担当者,管理総務班_文書取扱担当者,2,10,0,2,1,0
csv,2100034,統制リスク管理班_文書取扱担当者,統制リスク管理班_文書取扱担当者,2,10,0,2,1,0
csv,2100035,系統・オペレーショナルリスク管理A班_文書取扱担当者,系統・オペレーショナルリスク管理A班_文書取扱担当者,2,10,0,2,1,0
csv,2100036,系統・オペレーショナルリスク管理B班_文書取扱担当者,系統・オペレーショナルリスク管理B班_文書取扱担当者,2,10,0,2,1,0
csv,2100037,系統・オペレーショナルリスク管理C班_文書取扱担当者,系統・オペレーショナルリスク管理C班_文書取扱担当者,2,10,0,2,1,0
csv,2100038,J-SOX班_文書取扱担当者,J-SOX班_文書取扱担当者,2,10,0,2,1,0
csv,2100039,システムリスク管理班_文書取扱担当者,システムリスク管理班_文書取扱担当者,2,10,0,2,1,0
csv,2100040,信用リスク管理班_文書取扱担当者,信用リスク管理班_文書取扱担当者,2,10,0,2,1,0
csv,2100041,市場リスク管理班_文書取扱担当者,市場リスク管理班_文書取扱担当者,2,10,0,2,1,0
csv,2100042,統合リスク管理班_文書取扱担当者,統合リスク管理班_文書取扱担当者,2,10,0,2,1,0
csv,2100043,人事部_文書取扱責任者,人事部_文書取扱責任者,2,10,0,2,1,0
csv,2100044,人事部_コンプライアンス責任者,人事部_コンプライアンス責任者,2,10,0,2,1,0
csv,2100045,人事部_コンプライアンス担当者,人事部_コンプライアンス担当者,2,10,0,2,1,0
csv,2100046,人事企画班_文書取扱担当者,人事企画班_文書取扱担当者,2,10,0,2,1,0
csv,2100047,事務第一班_文書取扱担当者,事務第一班_文書取扱担当者,2,10,0,2,1,0
csv,2100048,事務第二班_文書取扱担当者,事務第二班_文書取扱担当者,2,10,0,2,1,0
csv,2100049,人事班_文書取扱担当者,人事班_文書取扱担当者,2,10,0,2,1,0
csv,2100050,人材採用班_文書取扱担当者,人材採用班_文書取扱担当者,2,10,0,2,1,0
csv,2100051,人材育成班_文書取扱担当者,人材育成班_文書取扱担当者,2,10,0,2,1,0
csv,2100052,厚生班_文書取扱担当者,厚生班_文書取扱担当者,2,10,0,2,1,0
csv,2100053,共助会班_文書取扱担当者,共助会班_文書取扱担当者,2,10,0,2,1,0
csv,2100054,人権班_文書取扱担当者,人権班_文書取扱担当者,2,10,0,2,1,0
csv,2100055,能力開発室_文書取扱担当者,能力開発室_文書取扱担当者,2,10,0,2,1,0
,2100056,総企部_文書取扱責任者,総企部_文書取扱責任者,2,10,0,2,1,0
,2100057,総企部_コンプライアンス責任者,総企部_コンプライアンス責任者,2,10,0,2,1,0
,2100058,総企部_コンプライアンス担当者,総企部_コンプライアンス担当者,2,10,0,2,1,0
,2100059,総括班_文書取扱担当者,総括班_文書取扱担当者,2,10,0,2,1,0
,2100060,会員説明班_文書取扱担当者,会員説明班_文書取扱担当者,2,10,0,2,1,0
,2100061,経営企画1班_文書取扱担当者,経営企画1班_文書取扱担当者,2,10,0,2,1,0
,2100062,経営企画2班_文書取扱担当者,経営企画2班_文書取扱担当者,2,10,0,2,1,0
,2100063,経営企画3班_文書取扱担当者,経営企画3班_文書取扱担当者,2,10,0,2,1,0
,2100064,経営企画4班_文書取扱担当者,経営企画4班_文書取扱担当者,2,10,0,2,1,0
,2100065,ファシリティマネジメント室_文書取扱担当者,ファシリティマネジメント室_文書取扱担当者,2,10,0,2,1,0
,2100066,グループ戦略室_文書取扱担当者,グループ戦略室_文書取扱担当者,2,10,0,2,1,0
,2100067,広報企画室_文書取扱担当者,広報企画室_文書取扱担当者,2,10,0,2,1,0
,2100068,企画開発室_文書取扱担当者,企画開発室_文書取扱担当者,2,10,0,2,1,0
,2100069,企管部_文書取扱責任者,企管部_文書取扱責任者,2,10,0,2,1,0
,2100070,企管部_コンプライアンス責任者,企管部_コンプライアンス責任者,2,10,0,2,1,0
,2100071,企管部_コンプライアンス担当者,企管部_コンプライアンス担当者,2,10,0,2,1,0
,2100072,企画管理班_文書取扱担当者,企画管理班_文書取扱担当者,2,10,0,2,1,0
,2100073,信用リスク班_文書取扱担当者,信用リスク班_文書取扱担当者,2,10,0,2,1,0
,2100074,経営管理室_集計班_文書取扱担当者,経営管理室_集計班_文書取扱担当者,2,10,0,2,1,0
,2100075,経営管理室_会計管理班_文書取扱担当者,経営管理室_会計管理班_文書取扱担当者,2,10,0,2,1,0
,2100076,経営データ統括班_文書取扱担当者,経営データ統括班_文書取扱担当者,2,10,0,2,1,0
,2100077,統リ部_文書取扱責任者,統リ部_文書取扱責任者,2,10,0,2,1,0
,2100078,統リ部_コンプライアンス責任者,統リ部_コンプライアンス責任者,2,10,0,2,1,0
,2100079,統リ部_コンプライアンス担当者,統リ部_コンプライアンス担当者,2,10,0,2,1,0
,2100080,企画管理班_文書取扱担当者,企画管理班_文書取扱担当者,2,10,0,2,1,0
,2100081,総括班兼バーゼル3班_文書取扱担当者,総括班兼バーゼル4班_文書取扱担当者,2,10,0,2,1,0
,2100082,オペレーショナルリスク統括班_文書取扱担当者,オペレーショナルリスク統括班_文書取扱担当者,2,10,0,2,1,0
,2100083,格付制度統括班_文書取扱担当者,格付制度統括班_文書取扱担当者,2,10,0,2,1,0
,2100084,高度化企画室_文書取扱担当者,高度化企画室_文書取扱担当者,2,10,0,2,1,0
,2100085,シ企部_文書取扱責任者,シ企部_文書取扱責任者,2,10,0,2,1,0
,2100086,シ企部_コンプライアンス責任者,シ企部_コンプライアンス責任者,2,10,0,2,1,0
,2100087,シ企部_コンプライアンス担当者,シ企部_コンプライアンス担当者,2,10,0,2,1,0
,2100088,システム企画班_文書取扱担当者,システム企画班_文書取扱担当者,2,10,0,2,1,0
,2100089,開発企画班_文書取扱担当者,開発企画班_文書取扱担当者,2,10,0,2,1,0
,2100090,総務班_文書取扱担当者,総務班_文書取扱担当者,2,10,0,2,1,0
,2100091,拠点整備・県センター対応班_文書取扱担当者,拠点整備・県センター対応班_文書取扱担当者,2,10,0,2,1,0
,2100092,システムリスク管理班_文書取扱担当者,システムリスク管理班_文書取扱担当者,2,10,0,2,1,0
,2100093,システム管理班_文書取扱担当者,システム管理班_文書取扱担当者,2,10,0,2,1,0
,2100094,JASTEM障害統括班_文書取扱担当者,JASTEM障害統括班_文書取扱担当者,2,10,0,2,1,0
,2100095,系統システム総括班_文書取扱担当者,系統システム総括班_文書取扱担当者,2,10,0,2,1,0
,2100096,系統システム開発企画班_文書取扱担当者,系統システム開発企画班_文書取扱担当者,2,10,0,2,1,0
,2100097,組織再編班_文書取扱担当者,組織再編班_文書取扱担当者,2,10,0,2,1,0
,2100098,新システムPJ総括班_文書取扱担当者,新システムPJ総括班_文書取扱担当者,2,10,0,2,1,0
,2100099,基盤更改班_文書取扱担当者,基盤更改班_文書取扱担当者,2,10,0,2,1,0
,2100100,新システムPJ管理班_文書取扱担当者,新システムPJ管理班_文書取扱担当者,2,10,0,2,1,0
,2100101,新端末対策班_文書取扱担当者,新端末対策班_文書取扱担当者,2,10,0,2,1,0
,2100102,NW迂回中継班_文書取扱担当者,NW迂回中継班_文書取扱担当者,2,10,0,2,1,0
,2100103,システム開発班_文書取扱担当者,システム開発班_文書取扱担当者,2,10,0,2,1,0
,2100104,購買班_文書取扱担当者,購買班_文書取扱担当者,2,10,0,2,1,0
,2100105,事企部_文書取扱責任者,事企部_文書取扱責任者,2,10,0,2,1,0
,2100106,事企部_コンプライアンス責任者,事企部_コンプライアンス責任者,2,10,0,2,1,0
,2100107,事企部_コンプライアンス担当者,事企部_コンプライアンス担当者,2,10,0,2,1,0
,2100108,事務総括班_文書取扱担当者,事務総括班_文書取扱担当者,2,10,0,2,1,0
,2100109,営業店事務指導企画班_文書取扱担当者,営業店事務指導企画班_文書取扱担当者,2,10,0,2,1,0
,2100110,営業店事務実地指導班_文書取扱担当者,営業店事務実地指導班_文書取扱担当者,2,10,0,2,1,0
,2100111,JAバンク営業店事務改革班_文書取扱担当者,JAバンク営業店事務改革班_文書取扱担当者,2,10,0,2,1,0
,2100112,JA事務指導班_文書取扱担当者,JA事務指導班_文書取扱担当者,2,10,0,2,1,0
,2100113,管理企画班_文書取扱担当者,管理企画班_文書取扱担当者,2,10,0,2,1,0
,2100114,総務管理班_文書取扱担当者,総務管理班_文書取扱担当者,2,10,0,2,1,0
,2100115,手続総括班_文書取扱担当者,手続総括班_文書取扱担当者,2,10,0,2,1,0
,2100116,系統手続企画班_文書取扱担当者,系統手続企画班_文書取扱担当者,2,10,0,2,1,0
,2100117,共通・預貯金班_文書取扱担当者,共通・預貯金班_文書取扱担当者,2,10,0,2,1,0
,2100118,貸出班_文書取扱担当者,貸出班_文書取扱担当者,2,10,0,2,1,0
,2100119,組織再編業務班_文書取扱担当者,組織再編業務班_文書取扱担当者,2,10,0,2,1,0
,2100120,管理班_文書取扱担当者,管理班_文書取扱担当者,2,10,0,2,1,0
,2100121,JASTEM貯金班_文書取扱担当者,JASTEM貯金班_文書取扱担当者,2,10,0,2,1,0
,2100122,JASTEN貸出班_文書取扱担当者,JASTEN貸出班_文書取扱担当者,2,10,0,2,1,0
,2100123,JASTEM共通班_文書取扱担当者,JASTEM共通班_文書取扱担当者,2,10,0,2,1,0
,2100124,JASTEM情報系班_文書取扱担当者,JASTEM情報系班_文書取扱担当者,2,10,0,2,1,0
,2100125,事務リスク管理班_文書取扱担当者,事務リスク管理班_文書取扱担当者,2,10,0,2,1,0
,2100126,審査部_文書取扱責任者,審査部_文書取扱責任者,2,10,0,2,1,0
,2100127,審査部_コンプライアンス責任者,審査部_コンプライアンス責任者,2,10,0,2,1,0
,2100128,審査部_コンプライアンス担当者,審査部_コンプライアンス担当者,2,10,0,2,1,0
,2100129,審査総括班_文書取扱担当者,審査総括班_文書取扱担当者,2,10,0,2,1,0
,2100130,審査席（系統）_文書取扱担当者,審査席（系統）_文書取扱担当者,2,10,0,2,1,0
,2100131,審査席（法人）_文書取扱担当者,審査席（法人）_文書取扱担当者,2,10,0,2,1,0
,2100132,バンク・カントリー班_文書取扱担当者,バンク・カントリー班_文書取扱担当者,2,10,0,2,1,0
,2100133,市場性信用リスク管理班_文書取扱担当者,市場性信用リスク管理班_文書取扱担当者,2,10,0,2,1,0
,2100134,クレジット・リサーチ1班_文書取扱担当者,クレジット・リサーチ2班_文書取扱担当者,2,10,0,2,1,0
,2100135,クレジット/リサーチ2班_文書取扱担当者,クレジット/リサーチ3班_文書取扱担当者,2,10,0,2,1,0
,2100136,事再部_文書取扱責任者,事再部_文書取扱責任者,2,10,0,2,1,0
,2100137,事再部_コンプライアンス責任者,事再部_コンプライアンス責任者,2,10,0,2,1,0
,2100138,事再部_コンプライアンス担当者,事再部_コンプライアンス担当者,2,10,0,2,1,0
,2100139,農畜産班_文書取扱担当者,農畜産班_文書取扱担当者,2,10,0,2,1,0
,2100140,200先対応班_文書取扱担当者,201先対応班_文書取扱担当者,2,10,0,2,1,0
,2100141,鰹鮪班_文書取扱担当者,鰹鮪班_文書取扱担当者,2,10,0,2,1,0
,2100142,業企部_文書取扱責任者,業企部_文書取扱責任者,2,10,0,2,1,0
,2100143,業企部_コンプライアンス責任者,業企部_コンプライアンス責任者,2,10,0,2,1,0
,2100144,業企部_コンプライアンス担当者,業企部_コンプライアンス担当者,2,10,0,2,1,0
,2100145,総括班_文書取扱担当者,総括班_文書取扱担当者,2,10,0,2,1,0
,2100146,課金事務班_文書取扱担当者,課金事務班_文書取扱担当者,2,10,0,2,1,0
,2100147,系統決済制度班_文書取扱担当者,系統決済制度班_文書取扱担当者,2,10,0,2,1,0
,2100148,JASTEM為替振決班_文書取扱担当者,JASTEM為替振決班_文書取扱担当者,2,10,0,2,1,0
,2100149,為替決済手続班_文書取扱担当者,為替決済手続班_文書取扱担当者,2,10,0,2,1,0
,2100150,管理事務班_文書取扱担当者,管理事務班_文書取扱担当者,2,10,0,2,1,0
,2100151,国庫金企画班_文書取扱担当者,国庫金企画班_文書取扱担当者,2,10,0,2,1,0
,2100152,国庫金管理班_文書取扱担当者,国庫金管理班_文書取扱担当者,2,10,0,2,1,0
,2100153,国庫金検査班_文書取扱担当者,国庫金検査班_文書取扱担当者,2,10,0,2,1,0
,2100154,ATM班_文書取扱担当者,ATM班_文書取扱担当者,2,10,0,2,1,0
,2100155,法人決裁班_文書取扱担当者,法人決裁班_文書取扱担当者,2,10,0,2,1,0
,2100156,個人決裁・事務集中班_文書取扱担当者,個人決裁・事務集中班_文書取扱担当者,2,10,0,2,1,0
,2100157,J統部_文書取扱責任者,J統部_文書取扱責任者,2,10,0,2,1,0
,2100158,J統部_コンプライアンス責任者,J統部_コンプライアンス責任者,2,10,0,2,1,0
,2100159,J統部_コンプライアンス担当者,J統部_コンプライアンス担当者,2,10,0,2,1,0
,2100160,総括グループ_文書取扱担当者,総括グループ_文書取扱担当者,2,10,0,2,1,0
,2100161,中期戦略グループ_文書取扱担当者,中期戦略グループ_文書取扱担当者,2,10,0,2,1,0
,2100162,系統資金グループ,系統資金グループ,2,10,0,2,1,0
,2100163,制度統括グループ系統制度班_文書取扱担当者,制度統括グループ系統制度班_文書取扱担当者,2,10,0,2,1,0
,2100164,制度統括グループ財務企画班_文書取扱担当者,制度統括グループ財務企画班_文書取扱担当者,2,10,0,2,1,0
,2100165,統合県総括室_文書取扱担当者,統合県総括室_文書取扱担当者,2,10,0,2,1,0
,2100166,復興対策グループJAバンク班_文書取扱担当者,復興対策グループJAバンク班_文書取扱担当者,2,10,0,2,1,0
,2100167,復興対策グル―プJFマリンバンク班_文書取扱担当者,復興対策グル―プJFマリンバンク班_文書取扱担当者,2,10,0,2,1,0
,2100168,復興対策グループ復興金融班_文書取扱担当者,復興対策グループ復興金融班_文書取扱担当者,2,10,0,2,1,0
,2100169,復興対策グル―プ保証保険班_文書取扱担当者,復興対策グル―プ保証保険班_文書取扱担当者,2,10,0,2,1,0
,2100170,J経部_文書取扱責任者,J経部_文書取扱責任者,2,10,0,2,1,0
,2100171,J経部_コンプライアンス責任者,J経部_コンプライアンス責任者,2,10,0,2,1,0
,2100172,J経部_コンプライアンス担当者,J経部_コンプライアンス担当者,2,10,0,2,1,0
,2100173,総括班_文書取扱担当者,総括班_文書取扱担当者,2,10,0,2,1,0
,2100174,モニタリング班_文書取扱担当者,モニタリング班_文書取扱担当者,2,10,0,2,1,0
,2100175,県域対策班_文書取扱担当者,県域対策班_文書取扱担当者,2,10,0,2,1,0
,2100176,体制整備班_文書取扱担当者,体制整備班_文書取扱担当者,2,10,0,2,1,0
,2100177,経営点検班_文書取扱担当者,経営点検班_文書取扱担当者,2,10,0,2,1,0
,2100178,組織再編班_文書取扱担当者,組織再編班_文書取扱担当者,2,10,0,2,1,0
,2100179,J企推部_文書取扱責任者,J企推部_文書取扱責任者,2,10,0,2,1,0
,2100180,J企推部_コンプライアンス責任者,J企推部_コンプライアンス責任者,2,10,0,2,1,0
,2100181,J企推部_コンプライアンス担当者,J企推部_コンプライアンス担当者,2,10,0,2,1,0
,2100182,総括班_文書取扱担当者,総括班_文書取扱担当者,2,10,0,2,1,0
,2100183,系統広告班_文書取扱担当者,系統広告班_文書取扱担当者,2,10,0,2,1,0
,2100184,貯金・年金班_文書取扱担当者,貯金・年金班_文書取扱担当者,2,10,0,2,1,0
,2100185,資産相談班_文書取扱担当者,資産相談班_文書取扱担当者,2,10,0,2,1,0
,2100186,ローン班_文書取扱担当者,ローン班_文書取扱担当者,2,10,0,2,1,0
,2100187,カード・給振班_文書取扱担当者,カード・給振班_文書取扱担当者,2,10,0,2,1,0
,2100188,CS・現場営業力グループ_文書取扱担当者,CS・現場営業力グループ_文書取扱担当者,2,10,0,2,1,0
,2100189,金融サービス班_文書取扱担当者,金融サービス班_文書取扱担当者,2,10,0,2,1,0
,2100190,指定証券班_文書取扱担当者,指定証券班_文書取扱担当者,2,10,0,2,1,0
,2100191,基盤強化班_文書取扱担当者,基盤強化班_文書取扱担当者,2,10,0,2,1,0
,2100192,農環統部_文書取扱責任者,農環統部_文書取扱責任者,2,10,0,2,1,0
,2100193,農環統部_コンプライアンス責任者,農環統部_コンプライアンス責任者,2,10,0,2,1,0
,2100194,農環統部_コンプライアンス担当者,農環統部_コンプライアンス担当者,2,10,0,2,1,0
,2100195,総括班_文書取扱担当者,総括班_文書取扱担当者,2,10,0,2,1,0
,2100196,県域戦略班_文書取扱担当者,県域戦略班_文書取扱担当者,2,10,0,2,1,0
,2100197,森林班_文書取扱担当者,森林班_文書取扱担当者,2,10,0,2,1,0
,2100198,金融班_文書取扱担当者,金融班_文書取扱担当者,2,10,0,2,1,0
,2100199,JF部_文書取扱責任者,JF部_文書取扱責任者,2,10,0,2,1,0
,2100200,JF部_コンプライアンス責任者,JF部_コンプライアンス責任者,2,10,0,2,1,0
,2100201,JF部_コンプライアンス担当者,JF部_コンプライアンス担当者,2,10,0,2,1,0
,2100202,総括班_文書取扱担当者,総括班_文書取扱担当者,2,10,0,2,1,0
,2100203,特定事項班_文書取扱担当者,特定事項班_文書取扱担当者,2,10,0,2,1,0
,2100204,事業企画班_文書取扱担当者,事業企画班_文書取扱担当者,2,10,0,2,1,0
,2100205,漁協系統サポート室_文書取扱担当者,漁協系統サポート室_文書取扱担当者,2,10,0,2,1,0
,2100206,債投部_文書取扱責任者,債投部_文書取扱責任者,2,10,0,2,1,0
,2100207,債投部_コンプライアンス責任者,債投部_コンプライアンス責任者,2,10,0,2,1,0
,2100208,債投部_コンプライアンス担当者,債投部_コンプライアンス担当者,2,10,0,2,1,0
,2100209,総括班_文書取扱担当者,総括班_文書取扱担当者,2,10,0,2,1,0
,2100210,投資企画班_文書取扱担当者,投資企画班_文書取扱担当者,2,10,0,2,1,0
,2100211,ポートフォリオマネジメント班_文書取扱担当者,ポートフォリオマネジメント班_文書取扱担当者,2,10,0,2,1,0
,2100212,エマージング投資班_文書取扱担当者,エマージング投資班_文書取扱担当者,2,10,0,2,1,0
,2100213,株投部_文書取扱責任者,株投部_文書取扱責任者,2,10,0,2,1,0
,2100214,株投部_コンプライアンス責任者,株投部_コンプライアンス責任者,2,10,0,2,1,0
,2100215,株投部_コンプライアンス担当者,株投部_コンプライアンス担当者,2,10,0,2,1,0
,2100216,総括班_文書取扱担当者,総括班_文書取扱担当者,2,10,0,2,1,0
,2100217,ポートフォリオマネジメント班_文書取扱担当者,ポートフォリオマネジメント班_文書取扱担当者,2,10,0,2,1,0
,2100218,クレジット投資部_文書取扱責任者,クレジット投資部_文書取扱責任者,2,10,0,2,1,0
,2100219,クレジット投資部_コンプライアンス責任者,クレジット投資部_コンプライアンス責任者,2,10,0,2,1,0
,2100220,クレジット投資部_コンプライアンス担当者,クレジット投資部_コンプライアンス担当者,2,10,0,2,1,0
,2100221,クレジット投資班_文書取扱担当者,クレジット投資班_文書取扱担当者,2,10,0,2,1,0
,2100222,オルタナティブ投資部_文書取扱責任者,オルタナティブ投資部_文書取扱責任者,2,10,0,2,1,0
,2100223,オルタナティブ投資部_コンプライアンス責任者,オルタナティブ投資部_コンプライアンス責任者,2,10,0,2,1,0
,2100224,オルタナティブ投資部_コンプライアンス担当者,オルタナティブ投資部_コンプライアンス担当者,2,10,0,2,1,0
,2100225,オルタナティブ投資班_文書取扱担当者,オルタナティブ投資班_文書取扱担当者,2,10,0,2,1,0
,2100226,プロジェクトファイナンス部_文書取扱責任者,プロジェクトファイナンス部_文書取扱責任者,2,10,0,2,1,0
,2100227,プロジェクトファイナンス部_コンプライアンス責任者,プロジェクトファイナンス部_コンプライアンス責任者,2,10,0,2,1,0
,2100228,プロジェクトファイナンス部_コンプライアンス担当者,プロジェクトファイナンス部_コンプライアンス担当者,2,10,0,2,1,0
,2100229,プロジェクトファイナンス班_文書取扱担当者,プロジェクトファイナンス班_文書取扱担当者,2,10,0,2,1,0
,2100230,資為部_文書取扱責任者,資為部_文書取扱責任者,2,10,0,2,1,0
,2100231,資為部_コンプライアンス責任者,資為部_コンプライアンス責任者,2,10,0,2,1,0
,2100232,資為部_コンプライアンス担当者,資為部_コンプライアンス担当者,2,10,0,2,1,0
,2100233,資金市場班_文書取扱担当者,資金市場班_文書取扱担当者,2,10,0,2,1,0
,2100234,外貨資金市場班_文書取扱担当者,外貨資金市場班_文書取扱担当者,2,10,0,2,1,0
,2100235,為替班_文書取扱担当者,為替班_文書取扱担当者,2,10,0,2,1,0
,2100236,市場金融課_文書取扱担当者,市場金融課_文書取扱担当者,2,10,0,2,1,0
,2100237,投契部_文書取扱責任者,投契部_文書取扱責任者,2,10,0,2,1,0
,2100238,投契部_コンプライアンス責任者,投契部_コンプライアンス責任者,2,10,0,2,1,0
,2100239,投契部_コンプライアンス担当者,投契部_コンプライアンス担当者,2,10,0,2,1,0
,2100240,投資契約班_文書取扱責任者,投資契約班_文書取扱責任者,2,10,0,2,1,0
,2100241,リ評部_文書取扱責任者,リ評部_文書取扱責任者,2,10,0,2,1,0
,2100242,リ評部_コンプライアンス責任者,リ評部_コンプライアンス責任者,2,10,0,2,1,0
,2100243,リ評部_コンプライアンス担当者,リ評部_コンプライアンス担当者,2,10,0,2,1,0
,2100244,総括班_文書取扱担当者,総括班_文書取扱担当者,2,10,0,2,1,0
,2100245,内部モデル班_文書取扱担当者,内部モデル班_文書取扱担当者,2,10,0,2,1,0
,2100246,市場リスク班_文書取扱担当者,市場リスク班_文書取扱担当者,2,10,0,2,1,0
,2100247,信用リスク班_文書取扱担当者,信用リスク班_文書取扱担当者,2,10,0,2,1,0
,2100248,ファンド投資評価班_文書取扱担当者,ファンド投資評価班_文書取扱担当者,2,10,0,2,1,0
,2100249,市場取引評価班_文書取扱担当者,市場取引評価班_文書取扱担当者,2,10,0,2,1,0
,2100250,市管部_文書取扱責任者,市管部_文書取扱責任者,2,10,0,2,1,0
,2100251,市管部_コンプライアンス責任者,市管部_コンプライアンス責任者,2,10,0,2,1,0
,2100252,市管部_コンプライアンス担当者,市管部_コンプライアンス担当者,2,10,0,2,1,0
,2100253,総括班_文書取扱担当者,総括班_文書取扱担当者,2,10,0,2,1,0
,2100254,系統サポート班_文書取扱担当者,系統サポート班_文書取扱担当者,2,10,0,2,1,0
,2100255,データ管理1班_文書取扱担当者,データ管理1班_文書取扱担当者,2,10,0,2,1,0
,2100256,データ管理2班_文書取扱担当者,データ管理2班_文書取扱担当者,2,10,0,2,1,0
,2100257,理論価格算出班_文書取扱担当者,理論価格算出班_文書取扱担当者,2,10,0,2,1,0
,2100258,時価検証班_文書取扱担当者,時価検証班_文書取扱担当者,2,10,0,2,1,0
,2100259,システム班_文書取扱担当者,システム班_文書取扱担当者,2,10,0,2,1,0
,2100260,資証管部_文書取扱責任者,資証管部_文書取扱責任者,2,10,0,2,1,0
,2100261,資証管部_コンプライアンス責任者,資証管部_コンプライアンス責任者,2,10,0,2,1,0
,2100262,資証管部_コンプライアンス担当者,資証管部_コンプライアンス担当者,2,10,0,2,1,0
,2100263,管理企画班_文書取扱担当者,管理企画班_文書取扱担当者,2,10,0,2,1,0
,2100264,国内証券管理班_文書取扱担当者,国内証券管理班_文書取扱担当者,2,10,0,2,1,0
,2100265,外国証券管理班_文書取扱担当者,外国証券管理班_文書取扱担当者,2,10,0,2,1,0
,2100266,市場口座管理班_文書取扱担当者,市場口座管理班_文書取扱担当者,2,10,0,2,1,0
,2100267,国内資金管理班_文書取扱担当者,国内資金管理班_文書取扱担当者,2,10,0,2,1,0
,2100268,国際資金管理班_文書取扱担当者,国際資金管理班_文書取扱担当者,2,10,0,2,1,0
,2100269,CSA管理班_文書取扱担当者,CSA管理班_文書取扱担当者,2,10,0,2,1,0
,2100270,ISDA班_文書取扱担当者,ISDA班_文書取扱担当者,2,10,0,2,1,0
,2100271,投企部_文書取扱責任者,投企部_文書取扱責任者,2,10,0,2,1,0
,2100272,投企部_コンプライアンス責任者,投企部_コンプライアンス責任者,2,10,0,2,1,0
,2100273,投企部_コンプライアンス担当者,投企部_コンプライアンス担当者,2,10,0,2,1,0
,2100274,総括課_文書取扱担当者,総括課_文書取扱担当者,2,10,0,2,1,0
,2100275,CPM班_文書取扱担当者,CPM班_文書取扱担当者,2,10,0,2,1,0
,2100276,営業推進班_文書取扱担当者,営業推進班_文書取扱担当者,2,10,0,2,1,0
,2100277,営業基盤班_文書取扱担当者,営業基盤班_文書取扱担当者,2,10,0,2,1,0
,2100278,投融資管理課_文書取扱担当者,投融資管理課_文書取扱担当者,2,10,0,2,1,0
,2100279,ビジネス連携企画班_文書取扱担当者,ビジネス連携企画班_文書取扱担当者,2,10,0,2,1,0
,2100280,営一部_文書取扱責任者,営一部_文書取扱責任者,2,10,0,2,1,0
,2100281,営一部_コンプライアンス責任者,営一部_コンプライアンス責任者,2,10,0,2,1,0
,2100282,営一部_コンプライアンス担当者,営一部_コンプライアンス担当者,2,10,0,2,1,0
,2100283,第一班_文書取扱担当者,第一班_文書取扱担当者,2,10,0,2,1,0
,2100284,第二班_文書取扱担当者,第二班_文書取扱担当者,2,10,0,2,1,0
,2100285,第三班_文書取扱担当者,第三班_文書取扱担当者,2,10,0,2,1,0
,2100286,総合事務班_文書取扱担当者,第一部_総合事務班_文書取扱担当者,2,10,0,2,1,0
,2100287,営二部_文書取扱責任者,営二部_文書取扱責任者,2,10,0,2,1,0
,2100288,営二部_コンプライアンス責任者,営二部_コンプライアンス責任者,2,10,0,2,1,0
,2100289,営二部_コンプライアンス担当者,営二部_コンプライアンス担当者,2,10,0,2,1,0
,2100290,第一班_文書取扱担当者,第一班_文書取扱担当者,2,10,0,2,1,0
,2100291,第二班_文書取扱担当者,第二班_文書取扱担当者,2,10,0,2,1,0
,2100292,総合事務班_文書取扱担当者,総合事務班_文書取扱担当者,2,10,0,2,1,0
,2100293,第三部_文書取扱責任者,第三部_文書取扱責任者,2,10,0,2,1,0
,2100294,第三部_コンプライアンス責任者,第三部_コンプライアンス責任者,2,10,0,2,1,0
,2100295,第三部_コンプライアンス担当者,第三部_コンプライアンス担当者,2,10,0,2,1,0
,2100296,企業班第一_文書取扱担当者,企業班第一_文書取扱担当者,2,10,0,2,1,0
,2100297,企業班第二_文書取扱担当者,企業班第二_文書取扱担当者,2,10,0,2,1,0
,2100298,企業班第三_文書取扱担当者,企業班第三_文書取扱担当者,2,10,0,2,1,0
,2100299,企業班第四_文書取扱担当者,企業班第四_文書取扱担当者,2,10,0,2,1,0
,2100300,総合事務班_文書取扱担当者,総合事務班_文書取扱担当者,2,10,0,2,1,0
,2100301,営四部_文書取扱責任者,営四部_文書取扱責任者,2,10,0,2,1,0
,2100302,営四部_コンプライアンス責任者,営四部_コンプライアンス責任者,2,10,0,2,1,0
,2100303,営四部_コンプライアンス担当者,営四部_コンプライアンス担当者,2,10,0,2,1,0
,2100304,第一班_文書取扱担当者,第一班_文書取扱担当者,2,10,0,2,1,0
,2100305,第二班_文書取扱担当者,第二班_文書取扱担当者,2,10,0,2,1,0
,2100306,第三班_文書取扱担当者,第三班_文書取扱担当者,2,10,0,2,1,0
,2100307,第四班_文書取扱担当者,第四班_文書取扱担当者,2,10,0,2,1,0
,2100308,総合事務班_文書取扱担当者,総合事務班_文書取扱担当者,2,10,0,2,1,0
,2100309,営五部_文書取扱責任者,営五部_文書取扱責任者,2,10,0,2,1,0
,2100310,営五部_コンプライアンス責任者,営五部_コンプライアンス責任者,2,10,0,2,1,0
,2100311,営五部_コンプライアンス担当者,営五部_コンプライアンス担当者,2,10,0,2,1,0
,2100312,第一班_文書取扱担当者,第一班_文書取扱担当者,2,10,0,2,1,0
,2100313,第二班_文書取扱担当者,第二班_文書取扱担当者,2,10,0,2,1,0
,2100314,第三班_文書取扱担当者,第三班_文書取扱担当者,2,10,0,2,1,0
,2100315,第四班_文書取扱担当者,第四班_文書取扱担当者,2,10,0,2,1,0
,2100316,第五班_文書取扱担当者,第五班_文書取扱担当者,2,10,0,2,1,0
,2100317,総合事務班_文書取扱担当者,総合事務班_文書取扱担当者,2,10,0,2,1,0
,2100318,農環事業部_文書取扱責任者,農環事業部_文書取扱責任者,2,10,0,2,1,0
,2100319,農環事業部_コンプライアンス責任者,農環事業部_コンプライアンス責任者,2,10,0,2,1,0
,2100320,農環事業部_コンプライアンス担当者,農環事業部_コンプライアンス担当者,2,10,0,2,1,0
,2100321,全農班_文書取扱担当者,全農班_文書取扱担当者,2,10,0,2,1,0
,2100322,エコフードビジネス推進室1班_文書取扱担当者,エコフードビジネス推進室1班_文書取扱担当者,2,10,0,2,1,0
,2100323,エコフードビジネス推進室2班_文書取扱担当者,エコフードビジネス推進室2班_文書取扱担当者,2,10,0,2,1,0
,2100324,エコフードビジネス推進室3班_文書取扱担当者,エコフードビジネス推進室3班_文書取扱担当者,2,10,0,2,1,0
,2100325,本業部_文書取扱責任者,本業部_文書取扱責任者,2,10,0,2,1,0
,2100326,本業部_コンプライアンス責任者,本業部_コンプライアンス責任者,2,10,0,2,1,0
,2100327,本業部_コンプライアンス担当者,本業部_コンプライアンス担当者,2,10,0,2,1,0
,2100328,事務班_文書取扱担当者,事務班_文書取扱担当者,2,10,0,2,1,0
,2100329,預金班_文書取扱担当者,預金班_文書取扱担当者,2,10,0,2,1,0
,2100330,為替班_文書取扱担当者,為替班_文書取扱担当者,2,10,0,2,1,0
,2100331,出納手形班_文書取扱担当者,出納手形班_文書取扱担当者,2,10,0,2,1,0
,2100332,窓口事務班_文書取扱担当者,窓口事務班_文書取扱担当者,2,10,0,2,1,0
,2100333,外管部_文書取扱責任者,外管部_文書取扱責任者,2,10,0,2,1,0
,2100334,外管部_コンプライアンス責任者,外管部_コンプライアンス責任者,2,10,0,2,1,0
,2100335,外管部_コンプライアンス担当者,外管部_コンプライアンス担当者,2,10,0,2,1,0
,2100336,外為替企画班_文書取扱担当者,外為替企画班_文書取扱担当者,2,10,0,2,1,0
,2100337,コルレス・送金班_文書取扱担当者,コルレス・送金班_文書取扱担当者,2,10,0,2,1,0
,2100338,外為業務班_文書取扱担当者,外為業務班_文書取扱担当者,2,10,0,2,1,0
,2100339,関東業務部_文書取扱責任者,関東業務部_文書取扱責任者,2,10,0,2,1,0
,2100340,関東業務部_コンプライアンス責任者,関東業務部_コンプライアンス責任者,2,10,0,2,1,0
,2100341,関東業務部_コンプライアンス担当者,関東業務部_コンプライアンス担当者,2,10,0,2,1,0
,2100342,総務班_文書取扱担当者,総務班_文書取扱担当者,2,10,0,2,1,0
,2100343,JAバンク班_文書取扱担当者,JAバンク班_文書取扱担当者,2,10,0,2,1,0
,2100344,農林水産環境事業第一班_文書取扱担当者,農林水産環境事業第一班_文書取扱担当者,2,10,0,2,1,0
,2100345,農林水産環境事業第二班_文書取扱担当者,農林水産環境事業第二班_文書取扱担当者,2,10,0,2,1,0
,2100346,JFマリンバンク班_文書取扱担当者,JFマリンバンク班_文書取扱担当者,2,10,0,2,1,0
,2100347,水戸推進室_文書取扱担当者,水戸推進室_文書取扱担当者,2,10,0,2,1,0
,2100348,交付推進室_文書取扱担当者,交付推進室_文書取扱担当者,2,10,0,2,1,0
,2100349,長野推進室_文書取扱担当者,長野推進室_文書取扱担当者,2,10,0,2,1,0
,2100350,札幌支店_文書取扱責任者,札幌支店_文書取扱責任者,2,10,0,2,1,0
,2100351,札幌支店_コンプライアンス責任者,札幌支店_コンプライアンス責任者,2,10,0,2,1,0
,2100352,札幌支店_コンプライアンス担当者,札幌支店_コンプライアンス担当者,2,10,0,2,1,0
,2100353,総務班_文書取扱担当者,総務班_文書取扱担当者,2,10,0,2,1,0
,2100354,業務第一班_文書取扱担当者,業務第一班_文書取扱担当者,2,10,0,2,1,0
,2100355,業務第二班_文書取扱担当者,業務第二班_文書取扱担当者,2,10,0,2,1,0
,2100356,業務第三班_文書取扱担当者,業務第三班_文書取扱担当者,2,10,0,2,1,0
,2100357,業務事務第一班_文書取扱担当者,業務事務第一班_文書取扱担当者,2,10,0,2,1,0
,2100358,農林水産環境事業第一班_文書取扱担当者,農林水産環境事業第一班_文書取扱担当者,2,10,0,2,1,0
,2100359,農林水産環境事業第二班_文書取扱担当者,農林水産環境事業第二班_文書取扱担当者,2,10,0,2,1,0
,2100360,業務事務第二班_文書取扱担当者,業務事務第二班_文書取扱担当者,2,10,0,2,1,0
,2100361,窓口業務班_文書取扱担当者,窓口業務班_文書取扱担当者,2,10,0,2,1,0
,2100362,青森支店_文書取扱責任者,青森支店_文書取扱責任者,2,10,0,2,1,0
,2100363,青森支店_コンプライアンス責任者,青森支店_コンプライアンス責任者,2,10,0,2,1,0
,2100364,青森支店_コンプライアンス担当者,青森支店_コンプライアンス担当者,2,10,0,2,1,0
,2100365,総務班_文書取扱担当者,総務班_文書取扱担当者,2,10,0,2,1,0
,2100366,JAバンク総括班_文書取扱担当者,JAバンク総括班_文書取扱担当者,2,10,0,2,1,0
,2100367,JAサポート第一班_文書取扱担当者,JAサポート第一班_文書取扱担当者,2,10,0,2,1,0
,2100368,JAサポート第二班_文書取扱担当者,JAサポート第二班_文書取扱担当者,2,10,0,2,1,0
,2100369,JA企画推進班_文書取扱担当者,JA企画推進班_文書取扱担当者,2,10,0,2,1,0
,2100370,JA指導相談班_文書取扱担当者,JA指導相談班_文書取扱担当者,2,10,0,2,1,0
,2100371,農林水産環境事業第一班_文書取扱担当者,農林水産環境事業第一班_文書取扱担当者,2,10,0,2,1,0
,2100372,農林水産環境事業第二班_文書取扱担当者,農林水産環境事業第二班_文書取扱担当者,2,10,0,2,1,0
,2100373,公庫受託課_文書取扱担当者,公庫受託課_文書取扱担当者,2,10,0,2,1,0
,2100374,窓口業務_窓口業務課_文書取扱担当者,窓口業務_窓口業務課_文書取扱担当者,2,10,0,2,1,0
,2100375,窓口業務課_系統決済係_文書取扱担当者,窓口業務課_系統決済係_文書取扱担当者,2,10,0,2,1,0
,2100376,仙台支店_文書取扱責任者,仙台支店_文書取扱責任者,2,10,0,2,1,0
,2100377,仙台支店_コンプライアンス責任者,仙台支店_コンプライアンス責任者,2,10,0,2,1,0
,2100378,仙台支店_コンプライアンス担当者,仙台支店_コンプライアンス担当者,2,10,0,2,1,0
,2100379,総務班_文書取扱担当者,総務班_文書取扱担当者,2,10,0,2,1,0
,2100380,業務第一班_文書取扱担当者,業務第一班_文書取扱担当者,2,10,0,2,1,0
,2100381,JA経営対策班_文書取扱担当者,JA経営対策班_文書取扱担当者,2,10,0,2,1,0
,2100382,業務第二班_文書取扱担当者,業務第二班_文書取扱担当者,2,10,0,2,1,0
,2100383,ローンセンター班_文書取扱担当者,ローンセンター班_文書取扱担当者,2,10,0,2,1,0
,2100384,業務第三班_文書取扱担当者,業務第三班_文書取扱担当者,2,10,0,2,1,0
,2100385,システム班_文書取扱担当者,システム班_文書取扱担当者,2,10,0,2,1,0
,2100386,業務第四班_文書取扱担当者,業務第四班_文書取扱担当者,2,10,0,2,1,0
,2100387,業務第五班_文書取扱担当者,業務第五班_文書取扱担当者,2,10,0,2,1,0
,2100388,業務第六班_文書取扱担当者,業務第六班_文書取扱担当者,2,10,0,2,1,0
,2100389,公庫受託課_文書取扱担当者,公庫受託課_文書取扱担当者,2,10,0,2,1,0
,2100390,農林水産環境事業第一班_文書取扱担当者,農林水産環境事業第一班_文書取扱担当者,2,10,0,2,1,0
,2100391,農林水産環境事業第二班_文書取扱担当者,農林水産環境事業第二班_文書取扱担当者,2,10,0,2,1,0
,2100392,窓口業務課_窓口業務課_文書取扱担当者,窓口業務課_窓口業務課_文書取扱担当者,2,10,0,2,1,0
,2100393,窓口業務課_系統決済係_文書取扱担当者,窓口業務課_系統決済係_文書取扱担当者,2,10,0,2,1,0
,2100394,盛岡推進室_文書取扱担当者,盛岡推進室_文書取扱担当者,2,10,0,2,1,0
,2100395,山形支店_文書取扱責任者,山形支店_文書取扱責任者,2,10,0,2,1,0
,2100396,山形支店_コンプライアンス責任者,山形支店_コンプライアンス責任者,2,10,0,2,1,0
,2100397,山形支店_コンプライアンス担当者,山形支店_コンプライアンス担当者,2,10,0,2,1,0
,2100398,総務班_文書取扱担当者,総務班_文書取扱担当者,2,10,0,2,1,0
,2100399,総括班_文書取扱担当者,総括班_文書取扱担当者,2,10,0,2,1,0
,2100400,経営サポート班_文書取扱担当者,経営サポート班_文書取扱担当者,2,10,0,2,1,0
,2100401,人材育成班_文書取扱担当者,人材育成班_文書取扱担当者,2,10,0,2,1,0
,2100402,システム班_文書取扱担当者,システム班_文書取扱担当者,2,10,0,2,1,0
,2100403,事務制度班_文書取扱担当者,事務制度班_文書取扱担当者,2,10,0,2,1,0
,2100404,農林水産環境事業班_文書取扱担当者,農林水産環境事業班_文書取扱担当者,2,10,0,2,1,0
,2100405,公庫受託課_文書取扱担当者,公庫受託課_文書取扱担当者,2,10,0,2,1,0
,2100406,窓口業務課_窓口業務課_文書取扱担当者,窓口業務課_窓口業務課_文書取扱担当者,2,10,0,2,1,0
,2100407,窓口業務課_系統決済係_文書取扱担当者,窓口業務課_系統決済係_文書取扱担当者,2,10,0,2,1,0
,,秋田支店,2,10,0,2,1,0,
